,Rank,Player,Age,Tm,First,Pts Won,Pts Max,Share,G,MP,PTS,TRB,AST,STL,BLK,FG%,3P%,FT%,WS,WS/48,Year
0,1,Jalen Rose,27,IND,32.0,32.0,121,0.264,80,37.2,18.2,4.8,4.0,1.1,0.6,0.471,0.393,0.827,7.3,0.118,2000
1,2,Dirk Nowitzki,21,DAL,25.0,25.0,121,0.207,82,35.8,17.5,6.5,2.5,0.8,0.8,0.461,0.379,0.83,8.1,0.132,2000
2,3,Jerry Stackhouse,25,DET,19.0,19.0,121,0.157,82,38.4,23.6,3.8,4.5,1.3,0.4,0.428,0.288,0.815,7.3,0.111,2000
3,4,Austin Croshere,24,IND,17.0,17.0,121,0.14,81,23.3,10.3,6.4,1.1,0.5,0.7,0.441,0.362,0.848,5.4,0.138,2000
4,5,Tracy McGrady,20,TOR,7.0,7.0,121,0.058,79,31.2,15.4,6.3,3.3,1.1,1.9,0.451,0.277,0.707,6.6,0.129,2000
5,6T,John Amaechi,29,ORL,4.0,4.0,121,0.033,80,21.1,10.5,3.3,1.2,0.4,0.5,0.437,0.167,0.766,2.4,0.067,2000
6,6T,Ruben Patterson,24,SEA,4.0,4.0,121,0.033,81,25.9,11.6,5.4,1.6,1.2,0.5,0.536,0.444,0.692,6.7,0.153,2000
7,8T,Michael Dickerson,24,VAN,3.0,3.0,121,0.025,82,37.8,18.2,3.4,2.5,1.4,0.5,0.436,0.409,0.83,5.5,0.085,2000
8,8T,Rodney Rogers,28,PHO,3.0,3.0,121,0.025,82,27.9,13.8,5.5,2.1,1.1,0.6,0.486,0.439,0.639,7.4,0.154,2000
9,10,Shaquille O'Neal,27,LAL,2.0,2.0,121,0.017,79,40.0,29.7,13.6,3.8,0.5,3.0,0.574,0.0,0.524,18.6,0.283,2000
10,11T,Kobe Bryant,21,LAL,1.0,1.0,121,0.008,66,38.2,22.5,6.3,4.9,1.6,0.9,0.468,0.319,0.821,10.6,0.202,2000
11,11T,Derrick Coleman,32,CHH,1.0,1.0,121,0.008,74,31.7,16.7,8.5,2.4,0.5,1.8,0.456,0.362,0.785,6.5,0.133,2000
12,11T,Sean Elliott,31,SAS,1.0,1.0,121,0.008,19,20.6,6.0,2.5,1.5,0.6,0.1,0.358,0.351,0.781,0.5,0.067,2000
13,11T,Rashard Lewis,20,SEA,1.0,1.0,121,0.008,82,19.2,8.2,4.1,0.9,0.8,0.4,0.486,0.333,0.683,4.1,0.125,2000
14,11T,Bob Sura,26,CLE,1.0,1.0,121,0.008,73,30.4,13.8,3.9,3.9,1.2,0.3,0.437,0.367,0.697,4.9,0.107,2000
0,1,Tracy McGrady,21,ORL,74.0,74.0,124,0.597,77,40.1,26.8,7.5,4.6,1.5,1.5,0.457,0.355,0.733,12.2,0.189,2001
1,2,Peja Stojaković,23,SAC,14.0,14.0,124,0.113,75,38.7,20.4,5.8,2.2,1.2,0.2,0.47,0.4,0.856,10.1,0.168,2001
2,3,Steve Nash,26,DAL,12.0,12.0,124,0.097,70,34.1,15.6,3.2,7.3,1.0,0.1,0.487,0.406,0.895,8.4,0.169,2001
3,4,Shawn Marion,22,PHO,6.0,6.0,124,0.048,79,36.2,17.3,10.7,2.0,1.7,1.4,0.48,0.256,0.81,11.7,0.196,2001
4,5T,Baron Davis,21,CHH,4.0,4.0,124,0.032,82,38.9,13.8,5.0,7.3,2.1,0.4,0.427,0.31,0.677,8.9,0.134,2001
5,5T,Dirk Nowitzki,22,DAL,4.0,4.0,124,0.032,82,38.1,21.8,9.2,2.1,1.0,1.2,0.474,0.387,0.838,14.6,0.224,2001
6,7T,Travis Best,28,IND,2.0,2.0,124,0.016,77,31.9,11.9,2.9,6.1,1.4,0.1,0.44,0.381,0.827,7.2,0.14,2001
7,7T,Jason Terry,23,ATL,2.0,2.0,124,0.016,82,37.7,19.7,3.3,4.9,1.3,0.1,0.436,0.395,0.846,6.5,0.1,2001
8,9T,Richard Hamilton,22,WAS,1.0,1.0,124,0.008,78,32.3,18.1,3.1,2.9,1.0,0.1,0.438,0.274,0.868,2.4,0.046,2001
9,9T,Donyell Marshall,27,UTA,1.0,1.0,124,0.008,81,28.7,13.6,7.0,1.6,1.0,1.0,0.503,0.32,0.751,8.5,0.174,2001
10,9T,Jeff McInnis,26,LAC,1.0,1.0,124,0.008,81,35.0,12.9,2.7,5.5,0.9,0.1,0.463,0.361,0.807,6.9,0.117,2001
11,9T,Ben Wallace,26,DET,1.0,1.0,124,0.008,80,34.5,6.4,13.2,1.5,1.3,2.3,0.49,0.25,0.336,7.0,0.121,2001
12,9T,Bonzi Wells,24,POR,1.0,1.0,124,0.008,75,26.6,12.7,4.9,2.8,1.3,0.3,0.533,0.34,0.663,5.9,0.143,2001
13,9T,Alvin Williams,26,TOR,1.0,1.0,124,0.008,82,29.2,9.8,2.6,5.0,1.5,0.3,0.43,0.306,0.752,5.4,0.109,2001
0,1,Jermaine O'Neal,23,IND,52.0,52.0,126,0.413,72,37.6,19.0,10.5,1.6,0.6,2.3,0.479,0.071,0.688,6.4,0.113,2002
1,2,Ben Wallace,27,DET,16.0,16.0,126,0.127,80,36.5,7.6,13.0,1.4,1.7,3.5,0.531,0.0,0.423,11.6,0.19,2002
2,3,Steve Nash,27,DAL,9.0,9.0,126,0.071,82,34.6,17.9,3.1,7.7,0.6,0.0,0.483,0.455,0.887,9.9,0.167,2002
3,4,Jerry Stackhouse,27,DET,7.0,7.0,126,0.056,76,35.3,21.4,4.1,5.3,1.0,0.5,0.397,0.287,0.858,5.8,0.104,2002
4,5,Brent Barry,30,SEA,6.0,6.0,126,0.048,81,37.5,14.4,5.4,5.3,1.8,0.5,0.508,0.424,0.846,12.1,0.191,2002
5,6,Wally Szczerbiak,24,MIN,5.0,5.0,126,0.04,82,38.0,18.7,4.8,3.1,0.8,0.3,0.508,0.455,0.831,8.7,0.134,2002
6,7T,Troy Hudson,25,ORL,4.0,4.0,126,0.032,81,22.9,11.7,1.8,3.1,0.7,0.1,0.434,0.353,0.876,2.5,0.064,2002
7,7T,Michael Olowokandi,26,LAC,4.0,4.0,126,0.032,80,32.1,11.1,8.9,1.1,0.7,1.8,0.433,,0.622,1.6,0.029,2002
8,9T,Kenyon Martin,24,NJN,3.0,3.0,126,0.024,73,34.3,14.9,5.3,2.6,1.2,1.7,0.463,0.224,0.678,4.9,0.093,2002
9,9T,Andre Miller,25,CLE,3.0,3.0,126,0.024,81,37.3,16.5,4.7,10.9,1.6,0.4,0.454,0.253,0.817,10.3,0.163,2002
10,9T,Michael Redd,22,MIL,3.0,3.0,126,0.024,67,21.1,11.4,3.3,1.4,0.6,0.1,0.483,0.444,0.791,4.6,0.155,2002
11,12T,Desmond Mason,24,SEA,2.0,2.0,126,0.016,75,32.3,12.4,4.7,1.4,0.9,0.4,0.464,0.271,0.848,4.7,0.093,2002
12,12T,Gary Payton,33,SEA,2.0,2.0,126,0.016,82,40.3,22.1,4.8,9.0,1.6,0.3,0.467,0.314,0.797,12.6,0.183,2002
13,12T,Kenny Thomas,24,HOU,2.0,2.0,126,0.016,72,34.5,14.1,7.2,1.9,1.2,0.9,0.478,0.0,0.664,4.4,0.085,2002
14,12T,Hedo Türkoğlu,22,SAC,2.0,2.0,126,0.016,80,24.6,10.1,4.5,2.0,0.7,0.4,0.422,0.368,0.726,5.2,0.127,2002
15,16T,Ricky Davis,22,CLE,1.0,1.0,126,0.008,82,23.8,11.7,3.0,2.2,0.8,0.3,0.481,0.314,0.79,2.8,0.068,2002
16,16T,Bobby Jackson,28,SAC,1.0,1.0,126,0.008,81,21.6,11.1,3.1,2.0,0.9,0.1,0.443,0.361,0.81,5.4,0.148,2002
17,16T,Todd MacCulloch,26,NJN,1.0,1.0,126,0.008,62,24.2,9.7,6.1,1.3,0.4,1.4,0.531,,0.671,5.6,0.179,2002
18,16T,Lee Nailon,26,CHH,1.0,1.0,126,0.008,79,24.2,10.8,3.7,1.2,0.7,0.2,0.483,0.5,0.747,3.5,0.087,2002
19,16T,Wesley Person,30,CLE,1.0,1.0,126,0.008,78,35.8,15.1,3.8,2.2,1.0,0.5,0.495,0.444,0.798,6.9,0.119,2002
20,16T,Jason Terry,24,ATL,1.0,1.0,126,0.008,78,38.0,19.3,3.5,5.7,1.8,0.2,0.43,0.387,0.835,8.6,0.139,2002
0,1,Gilbert Arenas,21,GSW,41.0,288.0,590,0.488,82,35.0,18.3,4.7,6.3,1.5,0.2,.431,.348,.791,6.5,.109,2003
1,2,Matt Harpring,26,UTA,29.0,234.0,590,0.397,78,32.8,17.6,6.6,1.7,0.9,0.2,.511,.413,.792,8.8,.166,2003
2,3,Troy Murphy,22,GSW,18.0,144.0,590,0.244,79,31.8,11.7,10.2,1.3,0.8,0.4,.451,.214,.841,6.4,.122,2003
3,4,Tony Parker,20,SAS,14.0,143.0,590,0.242,82,33.8,15.5,2.6,5.3,0.9,0.0,.464,.337,.755,7.7,.134,2003
4,5,Ricky Davis,23,CLE,2.0,43.0,590,0.073,79,39.6,20.6,4.9,5.5,1.6,0.5,.410,.363,.748,3.0,.046,2003
5,6,Chauncey Billups,26,DET,3.0,42.0,590,0.071,74,31.4,16.2,3.7,3.9,0.9,0.2,.421,.392,.878,9.9,.204,2003
6,7,Jason Williams,27,MEM,3.0,40.0,590,0.068,76,31.7,12.1,2.8,8.3,1.2,0.1,.388,.354,.840,4.7,.094,2003
7,8,Richard Jefferson,22,NJN,2.0,23.0,590,0.039,80,36.0,15.5,6.4,2.5,1.0,0.6,.501,.250,.743,9.9,.164,2003
8,9,Troy Hudson,26,MIN,1.0,14.0,590,0.024,79,32.9,14.2,2.3,5.7,0.8,0.1,.428,.365,.900,5.1,.094,2003
9,10,Corey Maggette,23,LAC,0.0,12.0,590,0.020,64,31.3,16.8,5.0,1.9,0.9,0.3,.444,.350,.802,5.0,.119,2003
10,11,Bobby Jackson,29,SAC,0.0,11.0,590,0.019,59,28.4,15.2,3.7,3.1,1.2,0.1,.464,.379,.846,5.5,.157,2003
11,12,Michael Redd,23,MIL,1.0,9.0,590,0.015,82,28.2,15.1,4.5,1.4,1.2,0.2,.469,.438,.805,8.0,.167,2003
12,13,Metta World Peace,23,IND,1.0,7.0,590,0.012,69,33.6,15.5,5.2,2.9,2.3,0.7,.428,.336,.736,7.2,.150,2003
13,14T,Andrei Kirilenko,21,UTA,1.0,5.0,590,0.008,80,27.7,12.0,5.3,1.7,1.5,2.2,.491,.325,.800,9.2,.199,2003
14,14T,Dirk Nowitzki,24,DAL,1.0,5.0,590,0.008,80,39.0,25.1,9.9,3.0,1.4,1.0,.463,.379,.881,16.1,.249,2003
15,14T,Jermaine O'Neal,24,IND,1.0,5.0,590,0.008,77,37.2,20.8,10.3,2.0,0.9,2.3,.484,.333,.731,10.5,.177,2003
16,14T,Stephon Marbury,25,PHO,0.0,5.0,590,0.008,81,40.0,22.3,3.2,8.1,1.3,0.2,.439,.301,.803,9.6,.142,2003
17,18T,Stephen Jackson,24,SAS,0.0,4.0,590,0.007,80,28.2,11.8,3.6,2.3,1.6,0.4,.435,.320,.760,4.8,.102,2003
18,18T,Tracy McGrady,23,ORL,0.0,4.0,590,0.007,75,39.4,32.1,6.5,5.5,1.7,0.8,.457,.386,.793,16.1,.262,2003
19,18T,Brad Miller,26,IND,0.0,4.0,590,0.007,73,31.1,13.1,8.3,2.6,0.9,0.6,.493,.313,.818,9.6,.202,2003
20,Rank,Player,Age,Tm,First,Pts Won,Pts Max,Share,G,MP,PTS,TRB,AST,STL,BLK,FG%,3P%,FT%,WS,WS/48,2003
21,21T,Brent Barry,31,SEA,0.0,3.0,590,0.005,75,33.1,10.3,4.0,5.1,1.5,0.2,.458,.403,.795,7.3,.141,2003
22,21T,Kevin Garnett,26,MIN,0.0,3.0,590,0.005,82,40.5,23.0,13.4,6.0,1.4,1.6,.502,.282,.751,15.6,.225,2003
23,21T,Zydrunas Ilgauskas,27,CLE,0.0,3.0,590,0.005,81,30.0,17.2,7.5,1.6,0.7,1.9,.441,.000,.781,5.0,.099,2003
24,21T,Eric Snow,29,PHI,0.0,3.0,590,0.005,82,37.9,12.9,3.7,6.6,1.6,0.1,.452,.219,.858,8.4,.130,2003
25,25,Earl Boykins,26,GSW,0.0,2.0,590,0.003,68,19.4,8.8,1.3,3.3,0.6,0.1,.429,.377,.865,3.5,.127,2003
26,26T,Dion Glover,24,ATL,0.0,1.0,590,0.002,76,24.9,9.7,3.7,1.9,0.9,0.2,.427,.354,.784,2.6,.065,2003
27,26T,Anfernee Hardaway,31,PHO,0.0,1.0,590,0.002,58,30.6,10.6,4.4,4.1,1.1,0.4,.447,.356,.794,2.3,.062,2003
28,26T,Antawn Jamison,26,GSW,0.0,1.0,590,0.002,82,39.3,22.2,7.0,1.9,0.9,0.5,.470,.311,.789,8.5,.126,2003
29,26T,Steve Nash,28,DAL,0.0,1.0,590,0.002,82,33.1,17.7,2.9,7.3,1.0,0.1,.465,.413,.909,11.6,.206,2003
30,26T,Rasho Nesterović,26,MIN,0.0,1.0,590,0.002,77,30.4,11.2,6.5,1.5,0.5,1.5,.525,.000,.642,5.2,.107,2003
31,26T,Stromile Swift,23,MEM,0.0,1.0,590,0.002,67,22.1,9.7,5.7,0.7,0.8,1.6,.481,.000,.722,3.3,.108,2003
0,1,Zach Randolph,22,POR,59.0,379.0,605,0.626,81,37.9,20.1,10.5,2.0,0.8,0.5,.485,.200,.761,7.1,.111,2004
1,2,Carlos Boozer,22,CLE,12.0,166.0,605,0.274,75,34.6,15.5,11.4,2.0,1.0,0.7,.523,.167,.768,9.4,.174,2004
2,3,James Posey,27,MEM,17.0,137.0,605,0.226,82,29.9,13.7,4.9,1.5,1.7,0.5,.478,.386,.830,10.0,.195,2004
3,4,Andrei Kirilenko,22,UTA,11.0,101.0,605,0.167,78,37.1,16.5,8.1,3.1,1.9,2.8,.443,.338,.790,11.6,.192,2004
4,5,Michael Redd,24,MIL,9.0,95.0,605,0.157,82,36.8,21.7,5.0,2.3,1.0,0.1,.440,.350,.868,9.7,.154,2004
5,6,Lamar Odom,24,MIA,1.0,31.0,605,0.051,80,37.5,17.1,9.7,4.1,1.1,0.9,.430,.298,.742,8.4,.134,2004
6,7,Jamaal Magloire,25,NOH,3.0,26.0,605,0.043,82,33.9,13.6,10.3,1.0,0.5,1.2,.473,.000,.751,7.6,.131,2004
7,8,Samuel Dalembert,22,PHI,3.0,25.0,605,0.041,82,26.8,8.0,7.6,0.3,0.5,2.3,.541,.000,.644,6.9,.151,2004
8,9,Joe Johnson,22,PHO,1.0,20.0,605,0.033,82,40.6,16.7,4.7,4.4,1.1,0.3,.430,.305,.750,3.3,.047,2004
9,10,Brian Cardinal,26,GSW,1.0,18.0,605,0.030,76,21.5,9.6,4.2,1.4,0.9,0.3,.472,.444,.878,7.2,.212,2004
10,11,Rafer Alston,27,MIA,2.0,16.0,605,0.026,82,31.5,10.2,2.8,4.5,1.4,0.2,.376,.371,.769,5.9,.110,2004
11,12,Mark Blount,28,BOS,0.0,10.0,605,0.017,82,29.3,10.3,7.2,0.9,1.0,1.3,.566,,.719,6.5,.131,2004
12,13T,Quentin Richardson,23,LAC,1.0,8.0,605,0.013,65,36.0,17.2,6.4,2.1,1.0,0.3,.398,.352,.740,2.4,.050,2004
13,13T,Carlos Arroyo,24,UTA,0.0,8.0,605,0.013,71,28.3,12.6,2.6,5.0,0.9,0.1,.441,.325,.804,4.7,.112,2004
14,15T,Metta World Peace,24,IND,1.0,7.0,605,0.012,73,37.2,18.3,5.3,3.7,2.1,0.7,.421,.310,.733,8.0,.141,2004
15,15T,Yao Ming,23,HOU,0.0,7.0,605,0.012,82,32.8,17.5,9.0,1.5,0.3,1.9,.522,.000,.809,11.4,.202,2004
16,15T,Ronald Murray,24,SEA,0.0,7.0,605,0.012,82,24.6,12.4,2.5,2.5,1.0,0.3,.425,.293,.715,1.7,.040,2004
17,18,Erick Dampier,28,GSW,0.0,5.0,605,0.008,74,32.5,12.3,12.0,0.8,0.4,1.9,.535,.000,.654,8.9,.178,2004
18,19,Richard Jefferson,23,NJN,0.0,4.0,605,0.007,82,38.2,18.5,5.7,3.8,1.1,0.3,.498,.364,.763,11.0,.168,2004
19,20T,Mike Dunleavy,23,GSW,0.0,3.0,605,0.005,75,31.1,11.7,5.9,2.9,0.9,0.2,.449,.370,.741,5.2,.107,2004
20,Rank,Player,Age,Tm,First,Pts Won,Pts Max,Share,G,MP,PTS,TRB,AST,STL,BLK,FG%,3P%,FT%,WS,WS/48,2004
21,20T,Manu Ginóbili,26,SAS,0.0,3.0,605,0.005,77,29.4,12.8,4.5,3.8,1.8,0.2,.418,.359,.802,9.1,.194,2004
22,20T,Corey Maggette,24,LAC,0.0,3.0,605,0.005,73,36.0,20.7,5.9,3.1,0.9,0.2,.447,.329,.848,8.6,.157,2004
23,23,Tayshaun Prince,23,DET,0.0,2.0,605,0.003,82,32.9,10.3,4.8,2.3,0.8,0.8,.467,.363,.766,7.5,.134,2004
24,24T,Raja Bell,27,UTA,0.0,1.0,605,0.002,82,24.6,11.2,2.9,1.3,0.8,0.2,.409,.373,.786,3.7,.088,2004
25,24T,Marcus Camby,29,DEN,0.0,1.0,605,0.002,72,30.0,8.6,10.1,1.8,1.2,2.6,.477,.000,.721,6.9,.154,2004
26,24T,Pau Gasol,23,MEM,0.0,1.0,605,0.002,78,31.5,17.7,7.7,2.5,0.6,1.7,.482,.267,.714,8.1,.159,2004
27,24T,Nenê,21,DEN,0.0,1.0,605,0.002,77,32.5,11.8,6.5,2.2,1.5,0.5,.530,.000,.682,6.1,.117,2004
28,24T,Stephen Jackson,25,ATL,0.0,1.0,605,0.002,80,36.8,18.1,4.6,3.1,1.8,0.3,.425,.340,.785,4.4,.072,2004
29,24T,Desmond Mason,26,MIL,0.0,1.0,605,0.002,82,30.9,14.4,4.4,1.9,0.7,0.3,.472,.231,.769,5.7,.107,2004
30,24T,Kenny Thomas,26,PHI,0.0,1.0,605,0.002,74,36.5,13.6,10.1,1.5,1.1,0.4,.469,.200,.752,6.6,.118,2004
31,24T,Jason Williams,28,MEM,0.0,1.0,605,0.002,72,29.4,10.9,2.0,6.8,1.3,0.1,.407,.330,.837,5.4,.122,2004
0,1,Bobby Simmons,24,LAC,59.0,384.0,615,0.624,75,37.3,16.4,5.9,2.7,1.4,0.2,.466,.435,.846,6.8,.117,2005
1,2,Dwyane Wade,23,MIA,15.0,129.0,615,0.210,77,38.6,24.1,5.2,6.8,1.6,1.1,.478,.289,.762,11.0,.177,2005
2,3,Tayshaun Prince,24,DET,14.0,107.0,615,0.174,82,37.1,14.7,5.3,3.0,0.7,0.9,.487,.341,.807,9.4,.149,2005
3,4,Primož Brezec,25,CHA,5.0,75.0,615,0.122,72,31.6,13.0,7.4,1.2,0.5,0.8,.512,,.745,4.9,.104,2005
4,5,Dan Dickau,26,TOT,5.0,68.0,615,0.111,71,29.4,12.5,2.5,4.9,1.1,0.1,.405,.347,.833,3.5,.079,2005
5,6,LeBron James,20,CLE,4.0,57.0,615,0.093,80,42.4,27.2,7.4,7.2,2.2,0.7,.472,.351,.750,14.3,.203,2005
6,7,Amar'e Stoudemire,22,PHO,5.0,46.0,615,0.075,80,36.1,26.0,8.9,1.6,1.0,1.6,.559,.188,.733,14.6,.243,2005
7,8T,Larry Hughes,26,WAS,1.0,28.0,615,0.046,61,38.7,22.0,6.3,4.7,2.9,0.3,.430,.282,.777,7.7,.157,2005
8,8T,Joel Przybilla,25,POR,1.0,28.0,615,0.046,76,24.4,6.4,7.7,1.0,0.3,2.1,.598,,.517,4.7,.121,2005
9,10,Chris Bosh,20,TOR,1.0,21.0,615,0.034,81,37.2,16.8,8.9,1.9,0.9,1.4,.471,.300,.760,6.8,.108,2005
10,11,Grant Hill,32,ORL,2.0,17.0,615,0.028,67,34.9,19.7,4.7,3.3,1.4,0.4,.509,.231,.821,6.6,.136,2005
11,12,Udonis Haslem,24,MIA,1.0,16.0,615,0.026,80,33.4,10.9,9.1,1.4,0.8,0.5,.540,.000,.791,9.2,.165,2005
12,13T,Damon Jones,28,MIA,2.0,14.0,615,0.023,82,31.4,11.6,2.8,4.3,0.5,0.1,.456,.432,.791,8.7,.162,2005
13,13T,Luke Ridnour,23,SEA,1.0,14.0,615,0.023,82,31.4,10.0,2.5,5.9,1.1,0.3,.405,.376,.883,5.4,.100,2005
14,15,Gilbert Arenas,23,WAS,1.0,13.0,615,0.021,80,40.9,25.5,4.7,5.1,1.7,0.3,.431,.365,.814,11.5,.169,2005
15,16,Kirk Hinrich,24,CHI,1.0,12.0,615,0.020,77,36.4,15.7,3.9,6.4,1.6,0.3,.397,.355,.792,7.2,.124,2005
16,17,Kyle Korver,23,PHI,0.0,9.0,615,0.015,82,32.5,11.5,4.6,2.2,1.3,0.4,.418,.405,.854,6.6,.119,2005
17,18,Tyson Chandler,22,CHI,0.0,8.0,615,0.013,80,27.4,8.0,9.7,0.8,0.9,1.8,.494,.000,.673,8.3,.183,2005
18,19,Josh Howard,24,DAL,1.0,7.0,615,0.011,76,32.2,12.6,6.4,1.4,1.5,0.6,.475,.296,.733,6.4,.126,2005
19,20T,Vince Carter,28,TOT,1.0,6.0,615,0.010,77,36.7,24.5,5.2,4.2,1.4,0.6,.452,.406,.798,9.4,.159,2005
20,Rank,Player,Age,Tm,First,Pts Won,Pts Max,Share,G,MP,PTS,TRB,AST,STL,BLK,FG%,3P%,FT%,WS,WS/48,2005
21,20T,Joe Johnson,23,PHO,0.0,6.0,615,0.010,82,39.5,17.1,5.1,3.5,1.0,0.3,.461,.478,.750,7.6,.112,2005
22,22T,Shawn Marion,26,PHO,1.0,5.0,615,0.008,81,38.8,19.4,11.3,1.9,2.0,1.5,.476,.334,.833,12.5,.191,2005
23,22T,Dirk Nowitzki,26,DAL,1.0,5.0,615,0.008,78,38.7,26.1,9.7,3.1,1.2,1.5,.459,.399,.869,15.6,.248,2005
24,22T,Shaquille O'Neal,32,MIA,1.0,5.0,615,0.008,73,34.1,22.9,10.4,2.7,0.5,2.3,.601,,.461,11.0,.211,2005
25,22T,Eddy Curry,22,CHI,0.0,5.0,615,0.008,63,28.7,16.1,5.4,0.6,0.3,0.9,.538,,.720,4.3,.115,2005
26,26T,Reggie Evans,24,SEA,0.0,3.0,615,0.005,79,23.8,4.9,9.3,0.7,0.7,0.2,.476,.000,.534,3.8,.096,2005
27,26T,Fred Jones,25,IND,0.0,3.0,615,0.005,77,29.5,10.6,3.1,2.5,0.8,0.4,.425,.380,.850,4.8,.102,2005
28,26T,Brevin Knight,29,CHA,0.0,3.0,615,0.005,66,29.5,10.1,2.6,9.0,2.0,0.1,.422,.150,.852,4.5,.110,2005
29,26T,Jason Richardson,24,GSW,0.0,3.0,615,0.005,72,37.8,21.7,5.9,3.9,1.5,0.4,.446,.338,.693,5.7,.100,2005
30,26T,Gerald Wallace,22,CHA,0.0,3.0,615,0.005,70,30.7,11.1,5.5,2.0,1.7,1.3,.449,.274,.661,2.4,.055,2005
31,31,Drew Gooden,23,CLE,0.0,2.0,615,0.003,82,30.8,14.4,9.2,1.6,0.9,0.9,.492,.179,.810,8.5,.163,2005
32,32T,Ricky Davis,25,BOS,0.0,1.0,615,0.002,82,32.9,16.0,3.0,3.0,1.1,0.3,.462,.339,.815,4.2,.074,2005
33,32T,Anthony Johnson,30,IND,0.0,1.0,615,0.002,63,27.7,8.4,2.8,4.8,0.9,0.2,.445,.380,.752,4.0,.110,2005
34,32T,Rashard Lewis,25,SEA,0.0,1.0,615,0.002,71,38.0,20.5,5.5,1.3,1.1,0.9,.462,.400,.777,8.4,.150,2005
35,32T,Tony Parker,22,SAS,0.0,1.0,615,0.002,80,34.2,16.6,3.7,6.1,1.2,0.1,.482,.276,.650,8.1,.141,2005
36,32T,Mickaël Piétrus,22,GSW,0.0,1.0,615,0.002,67,20.0,9.5,2.8,1.2,0.7,0.3,.427,.344,.698,2.1,.075,2005
0,1,Boris Diaw,23,PHO,80.0,489.0,630,0.776,81,35.5,13.3,6.9,6.2,0.7,1.0,.526,.267,.731,8.9,.149,2006
1,2,David West,25,NOK,22.0,283.0,630,0.449,74,34.1,17.1,7.4,1.2,0.8,0.9,.512,.273,.843,7.4,.141,2006
2,3,Nenad Krstić,22,NJN,4.0,65.0,630,0.103,80,30.9,13.5,6.4,1.1,0.4,0.8,.507,.250,.698,5.4,.105,2006
3,4,Gerald Wallace,23,CHA,3.0,46.0,630,0.073,55,34.5,15.2,7.5,1.7,2.5,2.1,.538,.280,.614,6.4,.163,2006
4,5,Chris Bosh,21,TOR,3.0,43.0,630,0.068,70,39.3,22.5,9.2,2.6,0.7,1.1,.505,.000,.816,9.8,.170,2006
5,6T,Andrés Nocioni,26,CHI,4.0,29.0,630,0.046,82,27.3,13.0,6.1,1.4,0.5,0.6,.461,.391,.843,6.7,.144,2006
6,6T,Tony Parker,23,SAS,3.0,29.0,630,0.046,80,33.9,18.9,3.3,5.8,1.0,0.1,.548,.306,.707,9.6,.169,2006
7,8,Mike James,30,TOR,1.0,21.0,630,0.033,79,37.0,20.3,3.3,5.8,0.9,0.0,.469,.442,.837,7.6,.125,2006
8,9,Carmelo Anthony,21,DEN,2.0,19.0,630,0.030,80,36.8,26.5,4.9,2.7,1.1,0.5,.481,.243,.808,9.4,.153,2006
9,10,Jameer Nelson,23,ORL,1.0,18.0,630,0.029,62,28.8,14.6,2.9,4.9,1.1,0.1,.483,.424,.779,4.9,.132,2006
10,11T,Yao Ming,25,HOU,2.0,14.0,630,0.022,57,34.2,22.3,10.2,1.5,0.5,1.6,.519,.000,.853,8.6,.211,2006
11,11T,Chris Kaman,23,LAC,0.0,14.0,630,0.022,78,32.8,11.9,9.6,1.0,0.6,1.4,.523,.000,.770,6.1,.114,2006
12,13,Elton Brand,26,LAC,0.0,10.0,630,0.016,79,39.2,24.7,10.0,2.6,1.0,2.5,.527,.333,.775,14.8,.229,2006
13,14T,DeSagana Diop,24,DAL,1.0,8.0,630,0.013,81,18.6,2.3,4.6,0.3,0.5,1.8,.487,.500,.542,4.1,.130,2006
14,14T,Smush Parker,24,LAL,0.0,8.0,630,0.013,82,33.8,11.5,3.3,3.7,1.7,0.2,.447,.366,.694,5.8,.100,2006
15,16T,Pau Gasol,25,MEM,0.0,6.0,630,0.010,80,39.2,20.4,8.9,4.6,0.6,1.9,.503,.250,.689,12.0,.184,2006
16,16T,Mehmet Okur,26,UTA,0.0,6.0,630,0.010,82,35.9,18.0,9.1,2.4,0.5,0.9,.460,.342,.780,9.3,.152,2006
17,18,Dwight Howard,20,ORL,0.0,5.0,630,0.008,82,36.8,15.8,12.5,1.5,0.8,1.4,.531,.000,.595,8.6,.137,2006
18,19T,Caron Butler,25,WAS,0.0,4.0,630,0.006,75,36.1,17.6,6.2,2.5,1.7,0.2,.455,.342,.870,6.3,.112,2006
19,19T,LeBron James,21,CLE,0.0,4.0,630,0.006,79,42.5,31.4,7.0,6.6,1.6,0.8,.480,.335,.738,16.3,.232,2006
20,Rank,Player,Age,Tm,First,Pts Won,Pts Max,Share,G,MP,PTS,TRB,AST,STL,BLK,FG%,3P%,FT%,WS,WS/48,2006
21,21T,Kevin Martin,22,SAC,0.0,2.0,630,0.003,72,26.6,10.8,3.6,1.3,0.8,0.1,.480,.369,.847,5.5,.137,2006
22,21T,Zaza Pachulia,21,ATL,0.0,2.0,630,0.003,78,31.4,11.7,7.9,1.7,1.1,0.5,.451,.000,.735,3.9,.077,2006
23,23T,Raja Bell,29,PHO,0.0,1.0,630,0.002,79,37.5,14.7,3.2,2.6,1.0,0.3,.457,.442,.788,6.8,.110,2006
24,23T,Kobe Bryant,27,LAL,0.0,1.0,630,0.002,80,41.0,35.4,5.3,4.5,1.8,0.4,.450,.347,.850,15.3,.224,2006
25,23T,Luol Deng,20,CHI,0.0,1.0,630,0.002,78,33.4,14.3,6.6,1.9,0.9,0.6,.463,.269,.750,6.5,.120,2006
26,23T,Matt Harpring,29,UTA,0.0,1.0,630,0.002,71,27.4,12.5,5.2,1.4,0.8,0.2,.475,.359,.725,4.7,.115,2006
27,23T,Paul Pierce,28,BOS,0.0,1.0,630,0.002,79,39.0,26.8,6.7,4.7,1.4,0.4,.471,.354,.772,11.5,.178,2006
28,23T,Bobby Simmons,25,MIL,0.0,1.0,630,0.002,75,33.8,13.4,4.4,2.3,1.1,0.3,.453,.420,.825,5.3,.101,2006
29,23T,Josh Smith,20,ATL,0.0,1.0,630,0.002,80,32.0,11.3,6.6,2.4,0.8,2.6,.425,.309,.719,3.6,.067,2006
30,23T,Chris Wilcox,23,TOT,0.0,1.0,630,0.002,77,19.9,8.1,5.3,0.7,0.4,0.4,.571,.000,.732,4.4,.138,2006
31,23T,Mo Williams,23,MIL,0.0,1.0,630,0.002,58,26.4,12.1,2.5,4.0,0.9,0.1,.424,.382,.850,2.5,.079,2006
0,1,Monta Ellis,21,GSW,47.0,352.0,645,0.546,77,34.3,16.5,3.2,4.1,1.7,0.3,0.475,0.273,0.763,4.0,0.072,2007
1,2,Kevin Martin,23,SAC,44.0,349.0,645,0.541,80,35.2,20.2,4.3,2.2,1.2,0.1,0.473,0.381,0.844,10.2,0.173,2007
2,3,Deron Williams,22,UTA,13.0,101.0,645,0.157,80,36.9,16.2,3.3,9.3,1.0,0.2,0.456,0.322,0.767,7.2,0.117,2007
3,4,Tyson Chandler,24,NOK,6.0,72.0,645,0.112,73,34.6,9.5,12.4,0.9,0.5,1.8,0.624,0.0,0.527,7.9,0.15,2007
4,5,Andris Biedriņš,20,GSW,8.0,64.0,645,0.099,82,29.0,9.5,9.3,1.1,0.8,1.7,0.599,,0.521,6.7,0.136,2007
5,6,Al Jefferson,22,BOS,2.0,62.0,645,0.096,69,33.6,16.0,11.0,1.3,0.7,1.5,0.514,0.0,0.681,6.6,0.137,2007
6,7,Luol Deng,21,CHI,2.0,44.0,645,0.068,82,37.5,18.8,7.1,2.5,1.2,0.6,0.517,0.143,0.777,11.3,0.176,2007
7,8,Leandro Barbosa,24,PHO,3.0,24.0,645,0.037,80,32.7,18.1,2.7,4.0,1.2,0.2,0.476,0.434,0.845,8.2,0.151,2007
8,9,Andre Iguodala,23,PHI,1.0,14.0,645,0.022,76,40.3,18.2,5.7,5.7,2.0,0.4,0.447,0.31,0.82,7.7,0.12,2007
9,10,David Lee,23,NYK,0.0,12.0,645,0.019,58,29.8,10.7,10.4,1.8,0.8,0.4,0.6,,0.815,6.9,0.191,2007
10,11,Jason Kapono,25,MIA,0.0,10.0,645,0.016,67,26.4,10.9,2.7,1.2,0.6,0.0,0.494,0.514,0.892,4.2,0.114,2007
11,12T,Josh Howard,26,DAL,1.0,9.0,645,0.014,70,35.1,18.9,6.8,1.8,1.2,0.8,0.459,0.385,0.827,8.8,0.173,2007
12,12T,Mikki Moore,31,NJN,0.0,9.0,645,0.014,79,26.4,9.8,5.1,0.9,0.6,0.8,0.609,0.0,0.681,5.7,0.131,2007
13,14,Carlos Boozer,25,UTA,1.0,8.0,645,0.012,74,34.6,20.9,11.7,3.0,0.9,0.3,0.561,,0.685,9.9,0.185,2007
14,15,José Calderón,25,TOR,0.0,6.0,645,0.009,77,21.0,8.7,1.7,5.0,0.8,0.1,0.521,0.333,0.818,5.4,0.162,2007
15,16,Amar'e Stoudemire,24,PHO,1.0,5.0,645,0.008,82,32.8,20.4,9.6,1.0,1.0,1.3,0.575,0.0,0.781,11.2,0.201,2007
16,17T,Matt Carroll,26,CHA,0.0,3.0,645,0.005,72,26.1,12.1,2.9,1.3,0.7,0.1,0.433,0.416,0.904,4.6,0.117,2007
17,17T,Eddy Curry,24,NYK,0.0,3.0,645,0.005,81,35.2,19.5,7.0,0.8,0.4,0.5,0.576,1.0,0.615,4.7,0.079,2007
18,17T,Boštjan Nachbar,26,NJN,0.0,3.0,645,0.005,76,20.2,9.2,3.3,0.8,0.4,0.3,0.457,0.423,0.805,4.1,0.128,2007
19,20,Caron Butler,26,WAS,0.0,2.0,645,0.003,63,39.3,19.1,7.4,3.7,2.1,0.3,0.463,0.25,0.863,5.3,0.103,2007
20,21T,Andrew Bynum,19,LAL,0.0,1.0,645,0.002,82,21.9,7.8,5.9,1.1,0.1,1.6,0.558,0.0,0.668,4.2,0.112,2007
21,21T,Ben Gordon,23,CHI,0.0,1.0,645,0.002,82,33.0,21.4,3.1,3.6,0.8,0.2,0.455,0.413,0.864,8.6,0.152,2007
22,21T,Nenê,24,DEN,0.0,1.0,645,0.002,64,26.8,12.2,7.0,1.2,1.0,0.9,0.57,0.0,0.689,5.3,0.148,2007
23,21T,Dwight Howard,21,ORL,0.0,1.0,645,0.002,82,36.9,17.6,12.3,1.9,0.9,1.9,0.603,0.5,0.586,9.7,0.154,2007
24,21T,Sasha Pavlović,23,CLE,0.0,1.0,645,0.002,67,22.9,9.0,2.4,1.6,0.8,0.3,0.453,0.405,0.794,3.1,0.098,2007
25,21T,Josh Smith,21,ATL,0.0,1.0,645,0.002,72,36.8,16.4,8.6,3.3,1.4,2.9,0.439,0.25,0.693,4.4,0.079,2007
26,21T,Gerald Wallace,24,CHA,0.0,1.0,645,0.002,72,36.7,18.1,7.2,2.6,2.0,1.0,0.502,0.325,0.691,7.7,0.141,2007
27,21T,Luke Walton,26,LAL,0.0,1.0,645,0.002,60,33.0,11.4,5.0,4.3,1.0,0.4,0.474,0.387,0.745,3.8,0.092,2007
28,21T,Chris Wilcox,24,SEA,0.0,1.0,645,0.002,82,31.5,13.5,7.7,1.0,0.9,0.5,0.529,0.0,0.684,6.0,0.112,2007
0,1,Hedo Türkoğlu,28,ORL,61.0,380.0,625,0.608,82,36.9,19.5,5.7,5.0,0.9,0.3,.456,.400,.829,9.0,.143,2008
1,2,Rudy Gay,21,MEM,23.0,167.0,625,0.267,81,37.0,20.1,6.2,2.0,1.4,1.0,.461,.346,.785,5.0,.080,2008
2,3,LaMarcus Aldridge,22,POR,9.0,128.0,625,0.205,76,34.9,17.8,7.6,1.6,0.7,1.2,.484,.143,.762,6.2,.113,2008
3,4,Al Jefferson,23,MIN,6.0,100.0,625,0.160,82,35.6,21.0,11.1,1.4,0.9,1.5,.500,.000,.721,7.7,.127,2008
4,5,Rajon Rondo,21,BOS,6.0,77.0,625,0.123,77,29.9,10.6,4.2,5.1,1.7,0.2,.492,.263,.611,7.2,.150,2008
5,6,Mike Dunleavy,27,IND,3.0,51.0,625,0.082,82,36.0,19.1,5.2,3.5,1.0,0.4,.476,.424,.834,8.5,.138,2008
6,7,José Calderón,26,TOR,2.0,45.0,625,0.072,82,30.3,11.2,2.9,8.3,1.1,0.1,.519,.429,.908,10.2,.197,2008
7,8,Chris Paul,22,NOH,5.0,41.0,625,0.066,80,37.6,21.1,4.0,11.6,2.7,0.1,.488,.369,.851,17.8,.284,2008
8,9,Beno Udrih,25,SAC,1.0,17.0,625,0.027,65,32.0,12.8,3.3,4.3,0.9,0.2,.463,.387,.850,2.4,.056,2008
9,10,David West,27,NOH,1.0,15.0,625,0.024,76,37.8,20.6,8.9,2.3,0.8,1.3,.482,.240,.850,8.4,.140,2008
10,11,Ronnie Brewer,22,UTA,1.0,12.0,625,0.019,76,27.5,12.0,2.9,1.8,1.7,0.3,.558,.220,.759,7.8,.178,2008
11,12,Andrew Bynum,20,LAL,1.0,11.0,625,0.018,35,28.8,13.1,10.2,1.7,0.3,2.1,.636,,.695,4.8,.230,2008
12,13,Chris Kaman,25,LAC,1.0,9.0,625,0.014,56,37.2,15.7,12.7,1.9,0.6,2.8,.483,.000,.762,3.6,.083,2008
13,14,Lou Williams,21,PHI,1.0,8.0,625,0.013,80,23.3,11.5,2.1,3.2,1.0,0.2,.424,.359,.783,4.4,.112,2008
14,15T,Andrew Bogut,23,MIL,0.0,7.0,625,0.011,78,34.9,14.3,9.8,2.6,0.8,1.7,.511,.000,.587,4.8,.085,2008
15,15T,Monta Ellis,22,GSW,0.0,7.0,625,0.011,81,37.9,20.2,5.0,3.9,1.5,0.3,.531,.231,.767,9.0,.140,2008
16,17,Rafer Alston,31,HOU,1.0,6.0,625,0.010,74,34.1,13.1,3.5,5.3,1.3,0.2,.394,.351,.715,5.0,.095,2008
17,18T,Andre Iguodala,24,PHI,1.0,5.0,625,0.008,82,39.5,19.9,5.4,4.8,2.1,0.6,.456,.329,.721,9.6,.143,2008
18,18T,LeBron James,23,CLE,1.0,5.0,625,0.008,75,40.4,30.0,7.9,7.2,1.8,1.1,.484,.315,.712,15.2,.242,2008
19,18T,Travis Outlaw,23,POR,1.0,5.0,625,0.008,82,26.7,13.3,4.6,1.3,0.7,0.8,.433,.396,.741,3.2,.071,2008
20,Rank,Player,Age,Tm,First,Pts Won,Pts Max,Share,G,MP,PTS,TRB,AST,STL,BLK,FG%,3P%,FT%,WS,WS/48,2008
21,21T,Brandon Bass,22,DAL,0.0,4.0,625,0.006,79,19.7,8.3,4.4,0.7,0.3,0.6,.499,.000,.822,4.3,.132,2008
22,21T,Deron Williams,23,UTA,0.0,4.0,625,0.006,82,37.3,18.8,3.0,10.5,1.1,0.3,.507,.395,.803,11.3,.177,2008
23,23T,Tyson Chandler,25,NOH,0.0,3.0,625,0.005,79,35.2,11.8,11.7,1.0,0.6,1.1,.623,.000,.593,10.0,.172,2008
24,23T,Dwight Howard,22,ORL,0.0,3.0,625,0.005,82,37.7,20.7,14.2,1.3,0.9,2.1,.599,.000,.590,12.9,.200,2008
25,23T,Linas Kleiza,23,DEN,0.0,3.0,625,0.005,79,23.9,11.1,4.2,1.2,0.6,0.2,.472,.339,.770,4.7,.119,2008
26,23T,Jason Maxiell,24,DET,0.0,3.0,625,0.005,82,21.6,7.9,5.3,0.6,0.3,1.1,.538,.000,.633,6.3,.171,2008
27,23T,Shaquille O'Neal,35,TOT,0.0,3.0,625,0.005,61,28.7,13.6,9.1,1.5,0.5,1.4,.593,,.503,2.8,.078,2008
28,28T,Danny Granger,24,IND,0.0,2.0,625,0.003,80,36.0,19.6,6.1,2.1,1.2,1.1,.446,.404,.852,7.3,.122,2008
29,28T,Brandon Roy,23,POR,0.0,2.0,625,0.003,74,37.7,19.1,4.7,5.8,1.1,0.2,.454,.340,.753,8.0,.138,2008
30,30T,Roger Mason,27,WAS,0.0,1.0,625,0.002,80,21.4,9.1,1.6,1.7,0.5,0.2,.443,.398,.873,3.4,.096,2008
31,30T,J.R. Smith,22,DEN,0.0,1.0,625,0.002,74,19.2,12.3,2.1,1.7,0.8,0.2,.461,.403,.719,3.7,.126,2008
0,1,Danny Granger,25,IND,48.0,364.0,605,0.602,67,36.2,25.8,5.1,2.7,1.0,1.4,.447,.404,.878,8.0,.158,2009
1,2,Devin Harris,25,NJN,43.0,339.0,605,0.560,69,36.1,21.3,3.3,6.9,1.7,0.2,.438,.291,.820,7.5,.145,2009
2,3,Kevin Durant,20,OKC,6.0,83.0,605,0.137,74,39.0,25.3,6.5,2.8,1.3,0.7,.476,.422,.863,7.9,.132,2009
3,4,Paul Millsap,23,UTA,3.0,77.0,605,0.127,76,30.1,13.5,8.6,1.8,1.0,1.0,.534,.000,.699,7.7,.162,2009
4,5,Nenê,26,DEN,7.0,58.0,605,0.096,77,32.6,14.6,7.8,1.4,1.2,1.3,.604,.200,.723,9.3,.177,2009
5,6,Rajon Rondo,22,BOS,2.0,29.0,605,0.048,80,33.0,11.9,5.2,8.2,1.9,0.1,.505,.313,.642,9.9,.179,2009
6,7,David Lee,25,NYK,1.0,25.0,605,0.041,81,34.9,16.0,11.7,2.1,1.0,0.3,.549,.000,.755,9.0,.154,2009
7,8,John Salmons,29,TOT,2.0,17.0,605,0.028,79,37.5,18.3,4.2,3.2,1.1,0.3,.472,.417,.830,5.6,.090,2009
8,9,Thaddeus Young,20,PHI,1.0,16.0,605,0.026,75,34.4,15.3,5.0,1.1,1.3,0.3,.495,.341,.735,5.5,.102,2009
9,10,Von Wafer,23,HOU,2.0,12.0,605,0.020,63,19.4,9.7,1.8,1.1,0.6,0.1,.447,.390,.752,2.6,.103,2009
10,11,Brandon Roy,24,POR,1.0,8.0,605,0.013,78,37.2,22.6,4.7,5.1,1.1,0.3,.480,.377,.824,13.5,.223,2009
11,12T,Chris Andersen,30,DEN,1.0,6.0,605,0.010,71,20.6,6.4,6.2,0.4,0.6,2.5,.548,.200,.718,5.4,.176,2009
12,12T,J.R. Smith,23,DEN,1.0,6.0,605,0.010,81,27.7,15.2,3.7,2.8,1.0,0.2,.446,.397,.754,5.8,.124,2009
13,14T,Wilson Chandler,21,NYK,1.0,5.0,605,0.008,82,33.4,14.4,5.4,2.1,0.9,0.9,.432,.328,.795,3.1,.054,2009
14,14T,Glen Davis,23,BOS,1.0,5.0,605,0.008,76,21.5,7.0,4.0,0.9,0.7,0.3,.442,.400,.730,3.7,.108,2009
15,14T,Jason Terry,31,DAL,1.0,5.0,605,0.008,74,33.7,19.6,2.4,3.4,1.3,0.3,.463,.366,.880,7.3,.140,2009
16,17T,Aaron Brooks,24,HOU,0.0,4.0,605,0.007,80,25.0,11.2,2.0,3.0,0.6,0.1,.404,.366,.866,3.6,.086,2009
17,17T,Jameer Nelson,26,ORL,0.0,4.0,605,0.007,42,31.2,16.7,3.5,5.4,1.2,0.1,.503,.453,.887,6.0,.220,2009
18,19T,LaMarcus Aldridge,23,POR,0.0,3.0,605,0.005,81,37.1,18.1,7.5,1.9,1.0,1.0,.484,.250,.781,9.5,.151,2009
19,19T,Kelenna Azubuike,25,GSW,0.0,3.0,605,0.005,74,32.1,14.4,5.0,1.6,0.8,0.7,.464,.448,.808,4.1,.083,2009
20,Rank,Player,Age,Tm,First,Pts Won,Pts Max,Share,G,MP,PTS,TRB,AST,STL,BLK,FG%,3P%,FT%,WS,WS/48,2009
21,19T,Roger Mason,28,SAS,0.0,3.0,605,0.005,82,30.4,11.8,3.1,2.1,0.5,0.1,.425,.421,.890,4.7,.091,2009
22,19T,Dwyane Wade,27,MIA,0.0,3.0,605,0.005,79,38.6,30.2,5.0,7.5,2.2,1.3,.491,.317,.765,14.7,.232,2009
23,23T,Ronnie Brewer,23,UTA,0.0,2.0,605,0.003,81,32.2,13.7,3.7,2.2,1.7,0.4,.508,.259,.702,6.8,.126,2009
24,23T,Luis Scola,28,HOU,0.0,2.0,605,0.003,82,30.3,12.7,8.8,1.5,0.8,0.1,.531,.000,.760,8.6,.165,2009
25,25T,J.J. Barea,24,DAL,0.0,1.0,605,0.002,79,20.3,7.8,2.2,3.4,0.5,0.1,.442,.357,.753,2.2,.066,2009
26,25T,Andrea Bargnani,23,TOR,0.0,1.0,605,0.002,78,31.4,15.4,5.3,1.2,0.4,1.2,.450,.409,.831,3.9,.076,2009
27,25T,Rasual Butler,29,NOH,0.0,1.0,605,0.002,82,31.9,11.2,3.3,0.9,0.6,0.7,.433,.390,.782,4.6,.084,2009
28,25T,Mike Conley,21,MEM,0.0,1.0,605,0.002,82,30.6,10.9,3.4,4.3,1.1,0.1,.442,.406,.817,4.5,.086,2009
29,25T,Jeff Green,22,OKC,0.0,1.0,605,0.002,78,36.8,16.5,6.7,2.0,1.0,0.4,.446,.389,.788,4.2,.070,2009
30,25T,Emeka Okafor,26,CHA,0.0,1.0,605,0.002,82,32.8,13.2,10.1,0.6,0.6,1.7,.561,,.593,8.2,.147,2009
31,25T,Kendrick Perkins,24,BOS,0.0,1.0,605,0.002,76,29.6,8.5,8.1,1.3,0.3,2.0,.577,.000,.600,5.6,.119,2009
32,25T,Tyrus Thomas,22,CHI,0.0,1.0,605,0.002,79,27.5,10.8,6.4,1.0,1.2,1.9,.451,.333,.783,4.6,.101,2009
33,25T,Gerald Wallace,26,CHA,0.0,1.0,605,0.002,71,37.6,16.6,7.8,2.7,1.7,0.9,.480,.298,.804,9.5,.172,2009
34,25T,Mo Williams,26,CLE,0.0,1.0,605,0.002,81,35.0,17.8,3.4,4.1,0.9,0.1,.467,.436,.912,9.8,.165,2009
0,1,Aaron Brooks,25,HOU,62.0,403.0,615,0.655,82,35.6,19.6,2.6,5.3,0.8,0.2,.432,.398,.822,5.5,.091,2010
1,2T,Kevin Durant,21,OKC,17.0,101.0,615,0.164,82,39.5,30.1,7.6,2.8,1.4,1.0,.476,.365,.900,16.1,.238,2010
2,2T,Marc Gasol,25,MEM,9.0,101.0,615,0.164,69,35.8,14.6,9.3,2.4,1.0,1.6,.581,.000,.670,8.4,.164,2010
3,2T,George Hill,23,SAS,7.0,101.0,615,0.164,78,29.2,12.4,2.6,2.9,0.9,0.3,.478,.399,.772,6.7,.142,2010
4,5,Andrew Bogut,25,MIL,7.0,93.0,615,0.151,69,32.3,15.9,10.2,1.8,0.6,2.5,.520,.000,.629,7.5,.161,2010
5,6,Russell Westbrook,21,OKC,5.0,67.0,615,0.109,82,34.3,16.1,4.9,8.0,1.3,0.4,.418,.221,.780,6.1,.105,2010
6,7,Joakim Noah,24,CHI,7.0,64.0,615,0.104,64,30.1,10.7,11.0,2.1,0.5,1.6,.504,,.744,6.2,.154,2010
7,8,Gerald Wallace,27,CHA,3.0,29.0,615,0.047,76,41.0,18.2,10.0,2.1,1.5,1.1,.484,.371,.776,11.5,.177,2010
8,9T,Brook Lopez,21,NJN,1.0,19.0,615,0.031,82,36.9,18.8,8.6,2.3,0.7,1.7,.499,.000,.817,7.9,.125,2010
9,9T,Corey Brewer,23,MIN,0.0,19.0,615,0.031,82,30.3,13.0,3.4,2.4,1.4,0.4,.431,.346,.648,1.0,.020,2010
10,11,Carl Landry,26,TOT,0.0,18.0,615,0.029,80,30.9,16.8,5.9,0.8,0.7,0.8,.536,.333,.806,7.7,.150,2010
11,12T,Rajon Rondo,23,BOS,2.0,12.0,615,0.020,81,36.6,13.7,4.4,9.8,2.3,0.1,.508,.213,.621,9.6,.156,2010
12,12T,Andray Blatche,23,WAS,1.0,12.0,615,0.020,81,27.9,14.1,6.3,2.1,1.0,0.9,.478,.295,.744,3.4,.073,2010
13,14T,Channing Frye,26,PHO,1.0,10.0,615,0.016,81,27.0,11.2,5.3,1.4,0.8,0.9,.451,.439,.810,6.4,.141,2010
14,14T,Danilo Gallinari,21,NYK,0.0,10.0,615,0.016,81,33.9,15.1,4.9,1.7,0.9,0.7,.423,.381,.818,5.6,.098,2010
15,16,Josh Smith,24,ATL,0.0,8.0,615,0.013,81,35.4,15.7,8.7,4.2,1.6,2.1,.505,.000,.618,9.3,.155,2010
16,17,David Lee,26,NYK,0.0,7.0,615,0.011,81,37.3,20.2,11.7,3.6,1.0,0.5,.545,.000,.812,10.3,.163,2010
17,18,Dwight Howard,24,ORL,1.0,5.0,615,0.008,82,34.7,18.3,13.2,1.8,0.9,2.8,.612,.000,.592,13.2,.223,2010
18,19T,Ersan İlyasova,22,MIL,0.0,4.0,615,0.007,81,23.4,10.4,6.4,1.0,0.7,0.3,.443,.336,.715,5.8,.146,2010
19,19T,Chris Kaman,27,LAC,0.0,4.0,615,0.007,76,34.3,18.5,9.3,1.6,0.5,1.2,.490,.000,.749,2.4,.044,2010
20,Rank,Player,Age,Tm,First,Pts Won,Pts Max,Share,G,MP,PTS,TRB,AST,STL,BLK,FG%,3P%,FT%,WS,WS/48,2010
21,19T,J.J. Redick,25,ORL,0.0,4.0,615,0.007,82,22.0,9.6,1.9,1.9,0.3,0.0,.439,.405,.860,6.5,.173,2010
22,22T,Chris Douglas-Roberts,23,NJN,0.0,3.0,615,0.005,67,25.8,9.8,3.0,1.4,0.8,0.3,.445,.259,.847,0.7,.020,2010
23,22T,Nenê,27,DEN,0.0,3.0,615,0.005,82,33.6,13.8,7.6,2.5,1.4,1.0,.587,.000,.704,10.8,.188,2010
24,22T,Paul Millsap,24,UTA,0.0,3.0,615,0.005,82,27.8,11.6,6.8,1.6,0.8,1.2,.538,.111,.693,7.2,.151,2010
25,25,Robin Lopez,21,PHO,0.0,2.0,615,0.003,51,19.3,8.4,4.9,0.1,0.2,1.0,.588,,.704,3.2,.158,2010
26,26T,Monta Ellis,24,GSW,0.0,1.0,615,0.002,64,41.4,25.5,4.0,5.3,2.2,0.4,.449,.338,.753,1.3,.023,2010
27,26T,J.J. Hickson,21,CLE,0.0,1.0,615,0.002,81,20.9,8.5,4.9,0.5,0.4,0.5,.554,.000,.681,4.3,.123,2010
28,26T,Zach Randolph,28,MEM,0.0,1.0,615,0.002,81,37.7,20.8,11.7,1.8,1.0,0.4,.488,.288,.778,9.7,.153,2010
29,26T,John Salmons,30,TOT,0.0,1.0,615,0.002,81,34.9,15.4,3.3,2.8,1.2,0.3,.441,.382,.830,7.1,.121,2010
30,26T,Ben Wallace,35,DET,0.0,1.0,615,0.002,69,28.6,5.5,8.7,1.5,1.2,1.2,.541,.000,.406,4.7,.115,2010
0,1,Kevin Love,22,MIN,66.0,400.0,580,0.690,73,35.8,20.2,15.2,2.5,0.6,0.4,.470,.417,.850,11.4,.210,2011
1,2,LaMarcus Aldridge,25,POR,11.0,157.0,580,0.271,81,39.6,21.8,8.8,2.1,1.0,1.2,.500,.174,.791,11.1,.166,2011
2,3,Dorell Wright,25,GSW,16.0,124.0,580,0.214,82,38.4,16.4,5.3,3.0,1.5,0.8,.423,.376,.789,5.8,.088,2011
3,4,Derrick Rose,22,CHI,11.0,69.0,580,0.119,81,37.4,25.0,4.1,7.7,1.0,0.6,.445,.332,.858,13.1,.208,2011
4,5,Kris Humphries,25,NJN,1.0,63.0,580,0.109,74,27.9,10.0,10.4,1.1,0.4,1.1,.527,.000,.665,5.4,.125,2011
5,6,Kyle Lowry,24,HOU,3.0,48.0,580,0.083,75,34.2,13.5,4.1,6.7,1.4,0.3,.426,.376,.765,7.0,.130,2011
6,7,Russell Westbrook,22,OKC,3.0,46.0,580,0.079,82,34.7,21.9,4.6,8.2,1.9,0.4,.442,.330,.842,9.4,.159,2011
7,8,Wesley Matthews,24,POR,2.0,32.0,580,0.055,82,33.6,15.9,3.1,2.0,1.2,0.1,.449,.407,.844,7.2,.126,2011
8,9,Jrue Holiday,20,PHI,1.0,15.0,580,0.026,82,35.4,14.0,4.0,6.5,1.5,0.4,.446,.365,.823,5.7,.094,2011
9,10,Mike Conley,23,MEM,0.0,14.0,580,0.024,81,35.5,13.7,3.0,6.5,1.8,0.2,.444,.369,.733,6.6,.111,2011
10,11,Arron Afflalo,25,DEN,0.0,13.0,580,0.022,69,33.7,12.6,3.6,2.4,0.5,0.4,.498,.423,.847,6.2,.128,2011
11,12,Roy Hibbert,24,IND,1.0,9.0,580,0.016,81,27.7,12.7,7.5,2.0,0.4,1.8,.461,.000,.745,3.6,.077,2011
12,13,DeMar DeRozan,21,TOR,1.0,6.0,580,0.010,82,34.8,17.2,3.8,1.8,1.0,0.4,.467,.096,.813,3.2,.055,2011
13,14T,Eric Gordon,22,LAC,0.0,5.0,580,0.009,56,37.7,22.3,2.9,4.4,1.3,0.3,.450,.364,.825,5.3,.120,2011
14,14T,Tyler Hansbrough,25,IND,0.0,5.0,580,0.009,70,21.9,11.0,5.2,0.6,0.5,0.2,.465,.000,.779,3.8,.118,2011
15,14T,Nick Young,25,WAS,0.0,5.0,580,0.009,64,31.8,17.4,2.7,1.2,0.7,0.3,.441,.387,.816,2.8,.065,2011
16,17T,Darrell Arthur,22,MEM,0.0,4.0,580,0.007,80,20.1,9.1,4.3,0.7,0.7,0.8,.497,.000,.813,3.8,.113,2011
17,17T,Serge Ibaka,21,OKC,0.0,4.0,580,0.007,82,27.0,9.9,7.6,0.3,0.4,2.4,.543,.000,.750,7.6,.164,2011
18,17T,DeAndre Jordan,22,LAC,0.0,4.0,580,0.007,80,25.6,7.1,7.2,0.5,0.5,1.8,.686,.000,.452,5.2,.122,2011
19,17T,Thaddeus Young,22,PHI,0.0,4.0,580,0.007,82,26.0,12.7,5.3,1.0,1.1,0.3,.541,.273,.707,6.2,.139,2011
20,Rank,Player,Age,Tm,First,Pts Won,Pts Max,Share,G,MP,PTS,TRB,AST,STL,BLK,FG%,3P%,FT%,WS,WS/48,2011
21,21T,D.J. Augustin,23,CHA,0.0,3.0,580,0.005,82,33.6,14.4,2.7,6.1,0.7,0.0,.416,.333,.906,6.2,.108,2011
22,21T,Luol Deng,25,CHI,0.0,3.0,580,0.005,82,39.1,17.4,5.8,2.8,1.0,0.6,.460,.345,.753,9.9,.149,2011
23,21T,Amar'e Stoudemire,28,NYK,0.0,3.0,580,0.005,78,36.8,25.3,8.2,2.6,0.9,1.9,.502,.435,.792,8.0,.134,2011
24,24T,Tony Allen,29,MEM,0.0,1.0,580,0.002,72,20.8,8.9,2.7,1.4,1.8,0.6,.510,.174,.753,4.7,.152,2011
25,24T,Michael Beasley,22,MIN,0.0,1.0,580,0.002,73,32.3,19.2,5.6,2.2,0.7,0.7,.450,.366,.753,1.7,.035,2011
26,24T,Elton Brand,31,PHI,0.0,1.0,580,0.002,81,34.7,15.0,8.3,1.5,1.1,1.3,.512,.000,.780,9.4,.161,2011
27,24T,Tyson Chandler,28,DAL,0.0,1.0,580,0.002,74,27.8,10.1,9.4,0.4,0.5,1.1,.654,,.732,9.4,.218,2011
28,24T,Jared Dudley,25,PHO,0.0,1.0,580,0.002,82,26.1,10.6,3.9,1.3,1.1,0.2,.477,.415,.743,5.6,.126,2011
29,24T,Marcin Gortat,26,TOT,0.0,1.0,580,0.002,80,25.4,10.2,7.9,0.9,0.5,1.1,.561,.250,.725,6.4,.152,2011
30,24T,James Harden,21,OKC,0.0,1.0,580,0.002,82,26.7,12.2,3.1,2.1,1.1,0.3,.436,.349,.843,7.1,.156,2011
31,24T,Jodie Meeks,23,PHI,0.0,1.0,580,0.002,74,27.9,10.5,2.3,1.1,0.9,0.1,.425,.397,.894,5.1,.120,2011
0,1,Ryan Anderson,23,ORL,33.0,260.0,605,0.43,61,32.2,16.1,7.7,0.9,0.8,0.4,0.439,0.393,0.877,8.9,0.219,2012
1,2,Ersan İlyasova,24,MIL,21.0,159.0,605,0.263,60,27.6,13.0,8.8,1.2,0.7,0.7,0.492,0.455,0.781,6.4,0.185,2012
2,3,Nikola Peković,26,MIN,10.0,104.0,605,0.172,47,26.9,13.9,7.4,0.7,0.6,0.7,0.564,,0.743,4.5,0.17,2012
3,4,Andrew Bynum,24,LAL,14.0,101.0,605,0.167,60,35.2,18.7,11.8,1.4,0.5,1.9,0.558,0.2,0.692,8.0,0.183,2012
4,5,Greg Monroe,21,DET,10.0,96.0,605,0.159,66,31.5,15.4,9.7,2.3,1.3,0.7,0.521,0.0,0.739,7.0,0.161,2012
5,6,Jeremy Lin,23,NYK,10.0,91.0,605,0.15,35,26.9,14.6,3.1,6.2,1.6,0.3,0.446,0.32,0.798,2.7,0.14,2012
6,7,Goran Dragić,25,HOU,4.0,54.0,605,0.089,66,26.5,11.7,2.5,5.3,1.3,0.2,0.462,0.337,0.805,5.1,0.139,2012
7,8,Avery Bradley,21,BOS,4.0,36.0,605,0.06,64,21.4,7.6,1.8,1.4,0.7,0.2,0.498,0.407,0.795,2.4,0.085,2012
8,9T,Danny Green,24,SAS,3.0,27.0,605,0.045,66,23.1,9.1,3.5,1.3,0.9,0.7,0.442,0.436,0.79,4.5,0.142,2012
9,9T,Jeff Teague,23,ATL,1.0,27.0,605,0.045,66,33.1,12.6,2.4,4.9,1.6,0.6,0.476,0.342,0.757,6.0,0.131,2012
10,11T,Serge Ibaka,22,OKC,2.0,16.0,605,0.026,66,27.2,9.1,7.5,0.4,0.5,3.7,0.535,0.333,0.661,6.2,0.167,2012
11,11T,Ty Lawson,24,DEN,1.0,16.0,605,0.026,61,34.8,16.4,3.7,6.6,1.3,0.1,0.488,0.365,0.824,6.9,0.157,2012
12,13,Paul George,21,IND,2.0,13.0,605,0.021,66,29.7,12.1,5.6,2.4,1.6,0.6,0.44,0.385,0.802,6.0,0.148,2012
13,14,Steve Novak,28,NYK,1.0,12.0,605,0.02,54,18.9,8.8,1.9,0.2,0.3,0.2,0.478,0.472,0.846,3.9,0.181,2012
14,15,DeMarcus Cousins,21,SAC,0.0,11.0,605,0.018,64,30.5,18.1,11.0,1.6,1.5,1.2,0.448,0.143,0.702,4.2,0.104,2012
15,16,Kevin Love,23,MIN,1.0,8.0,605,0.013,55,39.0,26.0,13.3,2.0,0.9,0.5,0.448,0.372,0.824,10.0,0.223,2012
16,17T,James Harden,22,OKC,0.0,7.0,605,0.012,62,31.4,16.8,4.1,3.7,1.0,0.2,0.491,0.39,0.846,9.3,0.23,2012
17,17T,Roy Hibbert,25,IND,0.0,7.0,605,0.012,65,29.8,12.8,8.8,1.7,0.5,2.0,0.497,0.0,0.711,6.2,0.154,2012
18,19T,Marcin Gortat,27,PHO,1.0,6.0,605,0.01,66,32.0,15.4,10.0,0.9,0.7,1.5,0.555,0.0,0.649,7.6,0.172,2012
19,19T,Gerald Henderson,24,CHA,1.0,6.0,605,0.01,55,33.3,15.1,4.1,2.3,0.9,0.4,0.459,0.234,0.76,1.0,0.026,2012
20,21T,Marc Gasol,27,MEM,1.0,5.0,605,0.008,65,36.5,14.6,8.9,3.1,1.0,1.9,0.482,0.083,0.748,8.2,0.166,2012
21,21T,Kyle Lowry,25,HOU,1.0,5.0,605,0.008,47,32.1,14.3,4.5,6.6,1.6,0.3,0.409,0.374,0.864,4.9,0.156,2012
22,23,Gordon Hayward,21,UTA,0.0,4.0,605,0.007,66,30.5,11.8,3.5,3.1,0.8,0.6,0.456,0.346,0.832,4.9,0.116,2012
23,24T,Arron Afflalo,26,DEN,0.0,3.0,605,0.005,62,33.6,15.2,3.2,2.4,0.6,0.2,0.471,0.398,0.798,5.3,0.121,2012
24,24T,Tony Parker,29,SAS,0.0,3.0,605,0.005,60,32.1,18.3,2.9,7.7,1.0,0.1,0.48,0.23,0.799,7.1,0.177,2012
25,24T,C.J. Watson,27,CHI,0.0,3.0,605,0.005,49,23.7,9.7,2.1,4.1,0.9,0.2,0.368,0.393,0.808,2.6,0.109,2012
26,24T,Brandan Wright,24,DAL,0.0,3.0,605,0.005,49,16.1,6.9,3.6,0.3,0.4,1.3,0.618,0.0,0.634,3.5,0.215,2012
27,28T,Jarrett Jack,28,NOH,0.0,1.0,605,0.002,45,34.0,15.6,3.9,6.3,0.7,0.2,0.456,0.348,0.872,3.8,0.119,2012
28,28T,Marreese Speights,24,MEM,0.0,1.0,605,0.002,60,22.4,8.8,6.2,0.8,0.4,0.5,0.453,0.0,0.771,2.7,0.096,2012
0,1,Paul George,22,IND,52.0,311.0,600,0.518,79,37.6,17.4,7.6,4.1,1.8,0.6,.419,.362,.807,9.0,.145,2013
1,2,Greivis Vásquez,26,NOH,13.0,146.0,600,0.243,78,34.4,13.9,4.3,9.0,0.8,0.1,.433,.342,.805,3.8,.067,2013
2,3,Larry Sanders,24,MIL,10.0,141.0,600,0.235,71,27.3,9.8,9.5,1.2,0.7,2.8,.506,.000,.618,6.0,.149,2013
3,4,Nikola Vučević,22,ORL,10.0,109.0,600,0.182,77,33.2,13.1,11.9,1.9,0.8,1.0,.519,.000,.683,5.7,.106,2013
4,5,Jrue Holiday,22,PHI,10.0,102.0,600,0.170,78,37.5,17.7,4.2,8.0,1.6,0.4,.431,.368,.752,3.3,.055,2013
5,6,Ömer Aşık,26,HOU,9.0,86.0,600,0.143,82,30.0,10.1,11.7,0.9,0.6,1.1,.541,.000,.562,5.5,.108,2013
6,7,James Harden,23,HOU,8.0,53.0,600,0.088,78,38.3,25.9,4.9,5.8,1.8,0.5,.438,.368,.851,12.8,.206,2013
7,8,Stephen Curry,24,GSW,1.0,18.0,600,0.030,78,38.2,22.9,4.0,6.9,1.6,0.2,.451,.453,.900,11.2,.180,2013
8,9,Serge Ibaka,23,OKC,1.0,15.0,600,0.025,80,31.1,13.2,7.7,0.5,0.4,3.0,.573,.351,.749,9.4,.181,2013
9,10,Chandler Parsons,24,HOU,0.0,14.0,600,0.023,76,36.3,15.5,5.3,3.5,1.0,0.4,.486,.385,.729,7.0,.121,2013
10,11,Kemba Walker,22,CHA,0.0,9.0,600,0.015,82,34.9,17.7,3.5,5.7,2.0,0.4,.423,.322,.798,4.8,.080,2013
11,12T,J.R. Smith,27,NYK,1.0,8.0,600,0.013,80,33.5,18.1,5.3,2.7,1.3,0.3,.422,.356,.762,6.7,.120,2013
12,12T,Klay Thompson,22,GSW,1.0,8.0,600,0.013,82,35.8,16.6,3.7,2.2,1.0,0.5,.422,.401,.841,4.3,.070,2013
13,14,Jimmy Butler,23,CHI,0.0,7.0,600,0.012,82,26.0,8.6,4.0,1.4,1.0,0.4,.467,.381,.803,7.0,.158,2013
14,15T,Ryan Anderson,24,NOH,1.0,5.0,600,0.008,81,30.9,16.2,6.4,1.2,0.5,0.4,.423,.382,.844,6.5,.125,2013
15,15T,Carmelo Anthony,28,NYK,1.0,5.0,600,0.008,67,37.0,28.7,6.9,2.6,0.8,0.5,.449,.379,.830,9.5,.184,2013
16,15T,Andray Blatche,26,BRK,1.0,5.0,600,0.008,82,19.0,10.3,5.1,1.0,1.0,0.7,.512,.136,.685,4.9,.153,2013
17,15T,Mike Conley,25,MEM,1.0,5.0,600,0.008,80,34.5,14.6,2.8,6.1,2.2,0.3,.440,.362,.830,9.9,.172,2013
18,15T,Kawhi Leonard,21,SAS,0.0,5.0,600,0.008,58,31.2,11.9,6.0,1.6,1.7,0.6,.494,.374,.825,6.2,.166,2013
19,20,Kevin Durant,24,OKC,0.0,4.0,600,0.007,81,38.5,28.1,7.9,4.6,1.4,1.3,.510,.416,.905,18.9,.291,2013
20,Rank,Player,Age,Tm,First,Pts Won,Pts Max,Share,G,MP,PTS,TRB,AST,STL,BLK,FG%,3P%,FT%,WS,WS/48,2013
21,21T,Arron Afflalo,27,ORL,0.0,3.0,600,0.005,64,36.0,16.5,3.7,3.2,0.6,0.2,.439,.300,.857,2.0,.042,2013
22,21T,Earl Clark,25,LAL,0.0,3.0,600,0.005,59,23.1,7.3,5.5,1.1,0.6,0.7,.440,.337,.697,2.3,.080,2013
23,21T,Kenneth Faried,23,DEN,0.0,3.0,600,0.005,80,28.1,11.5,9.2,1.0,1.0,1.0,.552,,.613,7.8,.167,2013
24,21T,Greg Monroe,22,DET,0.0,3.0,600,0.005,81,33.2,16.0,9.6,3.5,1.3,0.7,.486,.000,.689,5.9,.105,2013
25,21T,Joakim Noah,27,CHI,0.0,3.0,600,0.005,66,36.8,11.9,11.1,4.0,1.2,2.1,.481,.000,.751,7.3,.145,2013
26,26,Tristan Thompson,21,CLE,0.0,2.0,600,0.003,82,31.3,11.7,9.4,1.3,0.7,0.9,.488,.000,.608,5.2,.098,2013
27,27T,Tobias Harris,20,TOT,0.0,1.0,600,0.002,55,23.6,11.0,5.2,1.3,0.6,0.8,.455,.315,.752,2.4,.089,2013
28,27T,Jarrett Jack,29,GSW,0.0,1.0,600,0.002,79,29.7,12.9,3.1,5.6,0.8,0.1,.452,.404,.843,5.6,.115,2013
29,27T,Ty Lawson,25,DEN,0.0,1.0,600,0.002,73,34.4,16.7,2.7,6.9,1.5,0.1,.461,.366,.756,7.4,.141,2013
30,27T,Brook Lopez,24,BRK,0.0,1.0,600,0.002,74,30.4,19.4,6.9,0.9,0.4,2.1,.521,.000,.758,9.0,.191,2013
31,27T,Robin Lopez,24,NOH,0.0,1.0,600,0.002,82,26.0,11.3,5.6,0.8,0.4,1.6,.534,,.778,5.6,.126,2013
32,27T,Lance Stephenson,22,IND,0.0,1.0,600,0.002,78,29.2,8.8,3.9,2.9,1.0,0.2,.460,.330,.652,5.5,.115,2013
33,27T,Jeff Teague,24,ATL,0.0,1.0,600,0.002,80,32.9,14.6,2.3,7.2,1.5,0.4,.451,.359,.881,6.1,.111,2013
0,1,Goran Dragić,27,PHO,65.0,408.0,630,0.648,76,35.1,20.3,3.2,5.9,1.4,0.3,.505,.408,.760,10.3,.186,2014
1,2,Lance Stephenson,23,IND,13.0,158.0,630,0.251,78,35.3,13.8,7.2,4.6,0.7,0.1,.491,.352,.711,7.4,.130,2014
2,3,Anthony Davis,20,NOP,16.0,155.0,630,0.246,67,35.2,20.8,10.0,1.6,1.3,2.8,.519,.222,.791,10.4,.212,2014
3,4,Gerald Green,28,PHO,16.0,117.0,630,0.186,82,28.4,15.8,3.4,1.5,0.9,0.5,.445,.400,.848,6.1,.126,2014
4,5,DeAndre Jordan,25,LAC,4.0,66.0,630,0.105,82,35.0,10.4,13.6,0.9,1.0,2.5,.676,,.428,11.1,.186,2014
5,6,Kyle Lowry,27,TOR,2.0,43.0,630,0.068,79,36.2,17.9,4.7,7.4,1.5,0.2,.423,.380,.813,11.7,.197,2014
6,7,Blake Griffin,24,LAC,6.0,39.0,630,0.062,80,35.8,24.1,9.5,3.9,1.2,0.6,.528,.273,.715,12.2,.205,2014
7,8,DeMar DeRozan,24,TOR,1.0,28.0,630,0.044,79,38.2,22.7,4.3,4.0,1.1,0.4,.429,.305,.824,8.8,.141,2014
8,9,Patty Mills,25,SAS,0.0,14.0,630,0.022,81,18.9,10.2,2.1,1.8,0.8,0.1,.464,.425,.890,5.6,.175,2014
9,10T,Markieff Morris,24,PHO,1.0,13.0,630,0.021,81,26.6,13.8,6.0,1.8,0.8,0.6,.486,.315,.792,6.4,.143,2014
10,10T,Isaiah Thomas,24,SAC,0.0,13.0,630,0.021,72,34.7,20.3,2.9,6.3,1.3,0.1,.453,.349,.850,7.7,.149,2014
11,12,Shaun Livingston,28,BRK,0.0,11.0,630,0.017,76,26.0,8.3,3.2,3.2,1.2,0.4,.483,.167,.827,4.4,.108,2014
12,13,D.J. Augustin,26,TOT,1.0,9.0,630,0.014,71,27.3,13.1,1.8,4.4,0.7,0.0,.415,.401,.885,6.2,.154,2014
13,14,Reggie Jackson,23,OKC,0.0,8.0,630,0.013,80,28.5,13.1,3.9,4.1,1.1,0.1,.440,.339,.893,4.9,.104,2014
14,15T,Robin Lopez,25,POR,0.0,6.0,630,0.010,82,31.7,11.1,8.5,0.9,0.3,1.7,.551,.000,.818,9.5,.176,2014
15,15T,Klay Thompson,23,GSW,0.0,6.0,630,0.010,81,35.4,18.4,3.1,2.2,0.9,0.5,.444,.417,.795,6.7,.112,2014
16,17T,Kevin Durant,25,OKC,1.0,5.0,630,0.008,81,38.5,32.0,7.4,5.5,1.3,0.7,.503,.391,.873,19.2,.295,2014
17,17T,DeMarcus Cousins,23,SAC,0.0,5.0,630,0.008,71,32.4,22.7,11.7,2.9,1.5,1.3,.496,.000,.726,7.9,.166,2014
18,19,Al Jefferson,29,CHA,0.0,4.0,630,0.006,73,35.0,21.8,10.8,2.1,0.9,1.1,.509,.200,.690,7.8,.146,2014
19,20T,Bradley Beal,20,WAS,0.0,3.0,630,0.005,73,34.7,17.1,3.7,3.3,1.0,0.2,.419,.402,.788,4.0,.076,2014
20,Rank,Player,Age,Tm,First,Pts Won,Pts Max,Share,G,MP,PTS,TRB,AST,STL,BLK,FG%,3P%,FT%,WS,WS/48,2014
21,20T,Mike Conley,26,MEM,0.0,3.0,630,0.005,73,33.5,17.2,2.9,6.0,1.5,0.2,.450,.361,.815,8.2,.161,2014
22,20T,Andre Drummond,20,DET,0.0,3.0,630,0.005,81,32.3,13.5,13.2,0.4,1.2,1.6,.623,.000,.418,9.9,.182,2014
23,20T,Taj Gibson,28,CHI,0.0,3.0,630,0.005,82,28.7,13.0,6.8,1.1,0.5,1.4,.479,.000,.751,5.7,.117,2014
24,20T,LeBron James,29,MIA,0.0,3.0,630,0.005,77,37.7,27.1,6.9,6.3,1.6,0.3,.567,.379,.750,15.9,.264,2014
25,20T,Terrence Jones,22,HOU,0.0,3.0,630,0.005,76,27.3,12.1,6.9,1.1,0.7,1.3,.542,.307,.605,7.3,.169,2014
26,20T,Jodie Meeks,26,LAL,0.0,3.0,630,0.005,77,33.2,15.7,2.5,1.8,1.4,0.1,.463,.401,.857,4.5,.084,2014
27,27T,LaMarcus Aldridge,28,POR,0.0,1.0,630,0.002,69,36.2,23.2,11.1,2.6,0.9,1.0,.458,.200,.822,7.5,.144,2014
28,27T,Alec Burks,22,UTA,0.0,1.0,630,0.002,78,28.1,14.0,3.3,2.7,0.9,0.2,.457,.350,.748,3.2,.070,2014
29,27T,Paul Millsap,28,ATL,0.0,1.0,630,0.002,74,33.5,17.9,8.5,3.1,1.7,1.1,.461,.358,.731,6.7,.129,2014
30,27T,Chandler Parsons,25,HOU,0.0,1.0,630,0.002,74,37.6,16.6,5.5,4.0,1.2,0.4,.472,.370,.742,7.6,.131,2014
31,27T,John Wall,23,WAS,0.0,1.0,630,0.002,82,36.3,19.3,4.1,8.8,1.8,0.5,.433,.351,.805,7.9,.128,2014
0,1,Jimmy Butler,25,CHI,92.0,535.0,645,0.829,65,38.7,20.0,5.8,3.3,1.8,0.6,.462,.378,.834,11.2,.214,2015
1,2,Draymond Green,24,GSW,11.0,200.0,645,0.310,79,31.5,11.7,8.2,3.7,1.6,1.3,.443,.337,.660,8.5,.163,2015
2,3,Rudy Gobert,22,UTA,12.0,189.0,645,0.293,82,26.3,8.4,9.5,1.3,0.8,2.3,.604,.000,.623,9.3,.206,2015
3,4,Hassan Whiteside,25,MIA,5.0,88.0,645,0.136,48,23.8,11.8,10.0,0.1,0.6,2.6,.628,,.500,5.3,.221,2015
4,5,Klay Thompson,24,GSW,2.0,42.0,645,0.065,77,31.9,21.7,3.2,2.9,1.1,0.8,.463,.439,.879,8.8,.172,2015
5,6,Anthony Davis,21,NOP,4.0,27.0,645,0.042,68,36.1,24.4,10.2,2.2,1.5,2.9,.535,.083,.805,14.0,.274,2015
6,7,Giannis Antetokounmpo,20,MIL,1.0,22.0,645,0.034,81,31.4,12.7,6.7,2.6,0.9,1.0,.491,.159,.741,6.2,.117,2015
7,8,Donatas Motiejūnas,24,HOU,0.0,7.0,645,0.011,71,28.7,12.0,5.9,1.8,0.8,0.5,.504,.368,.602,4.7,.110,2015
8,9,Dennis Schröder,21,ATL,0.0,6.0,645,0.009,77,19.7,10.0,2.1,4.1,0.6,0.1,.427,.351,.827,2.5,.080,2015
9,10T,DeMarre Carroll,28,ATL,1.0,5.0,645,0.008,70,31.3,12.6,5.3,1.7,1.3,0.2,.487,.395,.702,7.0,.154,2015
10,10T,Tyler Zeller,25,BOS,1.0,5.0,645,0.008,82,21.1,10.2,5.7,1.4,0.2,0.6,.549,,.823,6.5,.179,2015
11,12T,DeMarcus Cousins,24,SAC,0.0,4.0,645,0.006,59,34.1,24.1,12.7,3.6,1.5,1.7,.467,.250,.782,6.0,.144,2015
12,12T,Khris Middleton,23,MIL,0.0,4.0,645,0.006,79,30.1,13.4,4.4,2.3,1.5,0.1,.467,.407,.859,6.7,.135,2015
13,14T,Jae Crowder,24,TOT,0.0,3.0,645,0.005,82,20.1,7.7,3.6,1.1,0.9,0.3,.420,.293,.773,3.9,.113,2015
14,14T,Kyrie Irving,22,CLE,0.0,3.0,645,0.005,75,36.4,21.7,3.2,5.2,1.5,0.3,.468,.415,.863,10.4,.183,2015
15,14T,DeAndre Jordan,26,LAC,0.0,3.0,645,0.005,82,34.4,11.5,15.0,0.7,1.0,2.2,.710,.250,.397,12.8,.217,2015
16,14T,Victor Oladipo,22,ORL,0.0,3.0,645,0.005,72,35.7,17.9,4.2,4.1,1.7,0.3,.436,.339,.819,3.5,.065,2015
17,18T,Kentavious Caldwell-Pope,21,DET,0.0,2.0,645,0.003,82,31.5,12.7,3.1,1.3,1.1,0.2,.401,.345,.696,2.8,.052,2015
18,18T,Nikola Vučević,24,ORL,0.0,2.0,645,0.003,74,34.2,19.3,10.9,2.0,0.7,0.7,.523,.333,.752,7.0,.133,2015
19,20T,Robert Covington,24,PHI,0.0,1.0,645,0.002,70,27.9,13.5,4.5,1.5,1.4,0.4,.396,.374,.820,4.0,.097,2015
20,Rank,Player,Age,Tm,First,Pts Won,Pts Max,Share,G,MP,PTS,TRB,AST,STL,BLK,FG%,3P%,FT%,WS,WS/48,2015
21,20T,Tyreke Evans,25,NOP,0.0,1.0,645,0.002,79,34.1,16.6,5.3,6.6,1.3,0.5,.447,.304,.694,4.6,.082,2015
22,20T,Derrick Favors,23,UTA,0.0,1.0,645,0.002,74,30.8,16.0,8.2,1.5,0.8,1.7,.525,.167,.669,8.3,.175,2015
23,20T,Enes Freedom,22,TOT,0.0,1.0,645,0.002,75,28.5,15.5,8.9,0.7,0.5,0.4,.519,.356,.782,6.4,.145,2015
24,20T,Marc Gasol,30,MEM,0.0,1.0,645,0.002,81,33.2,17.4,7.8,3.8,0.9,1.6,.494,.176,.795,10.2,.182,2015
25,20T,Tobias Harris,22,ORL,0.0,1.0,645,0.002,68,34.8,17.1,6.3,1.8,1.0,0.5,.466,.364,.788,4.8,.098,2015
26,20T,Gordon Hayward,24,UTA,0.0,1.0,645,0.002,76,34.4,19.3,4.9,4.1,1.4,0.4,.445,.364,.812,8.7,.159,2015
27,20T,George Hill,28,IND,0.0,1.0,645,0.002,43,29.5,16.1,4.2,5.1,1.0,0.3,.477,.358,.790,5.4,.203,2015
28,20T,Brandon Knight,23,TOT,0.0,1.0,645,0.002,63,32.3,17.0,3.9,5.2,1.4,0.2,.422,.389,.874,4.5,.106,2015
29,20T,Kawhi Leonard,23,SAS,0.0,1.0,645,0.002,64,31.8,16.5,7.2,2.5,2.3,0.8,.479,.349,.802,8.6,.204,2015
30,20T,Meyers Leonard,22,POR,0.0,1.0,645,0.002,55,15.4,5.9,4.5,0.6,0.2,0.3,.510,.420,.938,2.8,.158,2015
0,1,CJ McCollum,24,POR,101.0,559.0,650,0.86,80,34.8,20.8,3.2,4.3,1.2,0.3,0.448,0.417,0.827,6.0,0.104,2016
1,2,Kemba Walker,25,CHO,7.0,166.0,650,0.255,81,35.6,20.9,4.4,5.2,1.6,0.5,0.427,0.371,0.847,9.9,0.165,2016
2,3,Giannis Antetokounmpo,21,MIL,4.0,99.0,650,0.152,80,35.3,16.9,7.7,4.3,1.2,1.4,0.506,0.257,0.724,7.1,0.121,2016
3,4,Stephen Curry,27,GSW,7.0,83.0,650,0.128,79,34.2,30.1,5.4,6.7,2.1,0.2,0.504,0.454,0.908,17.9,0.318,2016
4,5,Will Barton,25,DEN,1.0,62.0,650,0.095,82,28.7,14.4,5.8,2.5,0.9,0.5,0.432,0.345,0.806,4.3,0.088,2016
5,6,Jae Crowder,25,BOS,1.0,45.0,650,0.069,73,31.6,14.2,5.1,1.8,1.7,0.5,0.443,0.336,0.82,7.3,0.152,2016
6,7,Draymond Green,25,GSW,2.0,43.0,650,0.066,81,34.7,14.0,9.5,7.4,1.5,1.4,0.49,0.388,0.696,11.1,0.19,2016
7,8,Isaiah Thomas,26,BOS,3.0,30.0,650,0.046,82,32.2,22.2,3.0,6.2,1.1,0.1,0.428,0.359,0.871,9.7,0.177,2016
8,9,Hassan Whiteside,26,MIA,1.0,26.0,650,0.04,73,29.1,14.2,11.8,0.4,0.6,3.7,0.606,,0.65,10.3,0.233,2016
9,10,Kawhi Leonard,24,SAS,1.0,18.0,650,0.028,72,33.1,21.2,6.8,2.6,1.8,1.0,0.506,0.443,0.874,13.7,0.277,2016
10,11,Andre Drummond,22,DET,1.0,11.0,650,0.017,81,32.9,16.2,14.8,0.8,1.5,1.4,0.521,0.333,0.355,7.4,0.133,2016
11,12,Gary Harris,21,DEN,1.0,6.0,650,0.009,76,32.1,12.3,2.9,1.9,1.3,0.2,0.469,0.354,0.82,4.0,0.079,2016
12,13T,Kent Bazemore,26,ATL,0.0,4.0,650,0.006,75,27.8,11.6,5.1,2.3,1.3,0.5,0.441,0.357,0.815,4.1,0.094,2016
13,13T,Evan Fournier,23,ORL,0.0,4.0,650,0.006,79,32.5,15.4,2.8,2.7,1.2,0.0,0.462,0.4,0.836,5.7,0.106,2016
14,15T,Rodney Hood,23,UTA,0.0,3.0,650,0.005,79,32.2,14.5,3.4,2.7,0.9,0.2,0.42,0.359,0.86,6.0,0.112,2016
15,15T,Reggie Jackson,25,DET,0.0,3.0,650,0.005,79,30.7,18.8,3.2,6.2,0.7,0.1,0.434,0.353,0.864,6.9,0.136,2016
16,15T,Ian Mahinmi,29,IND,0.0,3.0,650,0.005,71,25.6,9.3,7.1,1.5,0.9,1.1,0.589,,0.587,6.2,0.163,2016
17,15T,Russell Westbrook,27,OKC,0.0,3.0,650,0.005,80,34.4,23.5,7.8,10.4,2.0,0.3,0.454,0.296,0.812,14.0,0.245,2016
18,19T,Zach LaVine,20,MIN,0.0,1.0,650,0.002,82,28.0,14.0,2.8,3.1,0.8,0.2,0.452,0.389,0.793,2.6,0.054,2016
19,19T,Kyle Lowry,29,TOR,0.0,1.0,650,0.002,77,37.0,21.2,4.7,6.4,2.1,0.4,0.427,0.388,0.811,11.6,0.196,2016
0,1,Giannis Antetokounmpo,22,MIL,80.0,428.0,500,0.856,80,35.6,22.9,8.8,5.4,1.6,1.9,0.521,0.272,0.77,12.4,0.21,2017
1,2,Nikola Jokić,21,DEN,14.0,161.0,500,0.322,73,27.9,16.7,9.8,4.9,0.8,0.8,0.578,0.324,0.825,9.7,0.228,2017
2,3,Rudy Gobert,24,UTA,1.0,113.0,500,0.226,81,33.9,14.0,12.8,1.2,0.6,2.6,0.661,0.0,0.653,14.3,0.25,2017
3,4,Otto Porter Jr.,23,WAS,1.0,43.0,500,0.086,80,32.6,13.4,6.4,1.5,1.5,0.5,0.516,0.434,0.832,9.4,0.173,2017
4,5,Isaiah Thomas,27,BOS,0.0,35.0,500,0.07,76,33.8,28.9,2.7,5.9,0.9,0.2,0.463,0.379,0.909,12.5,0.234,2017
5,6,James Johnson,29,MIA,1.0,34.0,500,0.068,76,27.4,12.8,4.9,3.6,1.0,1.1,0.479,0.34,0.707,5.1,0.117,2017
6,7,Bradley Beal,23,WAS,1.0,19.0,500,0.038,77,34.9,23.1,3.1,3.5,1.1,0.3,0.482,0.404,0.825,8.5,0.152,2017
7,8,Devin Booker,20,PHO,1.0,18.0,500,0.036,78,35.0,22.1,3.2,3.4,0.9,0.3,0.423,0.363,0.832,2.0,0.035,2017
8,9,Tim Hardaway Jr.,24,ATL,0.0,14.0,500,0.028,79,27.3,14.5,2.8,2.3,0.7,0.2,0.455,0.357,0.766,4.8,0.107,2017
9,10,Mike Conley,29,MEM,1.0,5.0,500,0.01,69,33.2,20.5,3.5,6.3,1.3,0.3,0.46,0.408,0.859,10.0,0.209,2017
10,11,Dion Waiters,25,MIA,0.0,4.0,500,0.008,46,30.1,15.8,3.3,4.3,0.9,0.4,0.424,0.395,0.646,1.6,0.057,2017
11,12T,Gordon Hayward,26,UTA,0.0,3.0,500,0.006,73,34.5,21.9,5.4,3.5,1.0,0.3,0.471,0.398,0.844,10.4,0.199,2017
12,12T,Jusuf Nurkić,22,TOT,0.0,3.0,500,0.006,65,21.4,10.2,7.2,1.9,0.8,1.1,0.507,0.0,0.571,2.0,0.068,2017
13,12T,Kristaps Porziņģis,21,NYK,0.0,3.0,500,0.006,66,32.8,18.1,7.2,1.5,0.7,2.0,0.45,0.357,0.786,4.5,0.1,2017
14,12T,Dennis Schröder,23,ATL,0.0,3.0,500,0.006,79,31.5,17.9,3.1,6.3,0.9,0.2,0.451,0.34,0.855,3.7,0.071,2017
15,16T,Harrison Barnes,24,DAL,0.0,2.0,500,0.004,79,35.5,19.2,5.0,1.5,0.8,0.2,0.468,0.351,0.861,4.6,0.078,2017
16,16T,Seth Curry,26,DAL,0.0,2.0,500,0.004,70,29.0,12.8,2.6,2.7,1.1,0.1,0.481,0.425,0.85,4.6,0.11,2017
17,16T,Gary Harris,22,DEN,0.0,2.0,500,0.004,57,31.3,14.9,3.1,2.9,1.2,0.1,0.502,0.42,0.776,4.6,0.124,2017
18,16T,Myles Turner,20,IND,0.0,2.0,500,0.004,81,31.4,14.5,7.3,1.3,0.9,2.1,0.511,0.348,0.809,8.0,0.151,2017
19,20T,Avery Bradley,26,BOS,0.0,1.0,500,0.002,55,33.4,16.3,6.1,2.2,1.2,0.2,0.463,0.39,0.731,3.1,0.081,2017
20,20T,Clint Capela,22,HOU,0.0,1.0,500,0.002,65,23.9,12.6,8.1,1.0,0.5,1.2,0.643,,0.531,5.9,0.184,2017
21,20T,DeMar DeRozan,27,TOR,0.0,1.0,500,0.002,74,35.4,27.3,5.2,3.9,1.1,0.2,0.467,0.266,0.842,9.0,0.166,2017
22,20T,Joe Ingles,29,UTA,0.0,1.0,500,0.002,82,24.0,7.1,3.2,2.7,1.2,0.1,0.452,0.441,0.735,5.0,0.123,2017
23,20T,John Wall,26,WAS,0.0,1.0,500,0.002,78,36.4,23.1,4.2,10.7,2.0,0.6,0.451,0.327,0.801,8.8,0.149,2017
24,20T,Hassan Whiteside,27,MIA,0.0,1.0,500,0.002,77,32.6,17.0,14.1,0.7,0.7,2.1,0.557,,0.628,9.5,0.181,2017
0,1,Victor Oladipo,25,IND,99.0,499.0,505,0.988,75,34.0,23.1,5.2,4.3,2.4,0.8,.477,.371,.799,8.2,.155,2018
1,2,Clint Capela,23,HOU,1.0,99.0,505,0.196,74,27.5,13.9,10.8,0.9,0.8,1.9,.652,.000,.560,10.2,.242,2018
2,3,Spencer Dinwiddie,24,BRK,1.0,50.0,505,0.099,80,28.8,12.6,3.2,6.6,0.9,0.3,.387,.326,.813,5.7,.118,2018
3,4,Andre Drummond,24,DET,0.0,46.0,505,0.091,78,33.7,15.0,16.0,3.0,1.5,1.6,.529,.000,.605,10.3,.189,2018
4,5,Julius Randle,23,LAL,0.0,36.0,505,0.071,82,26.7,16.1,8.0,2.6,0.5,0.5,.558,.222,.718,6.6,.145,2018
5,6,Steven Adams,24,OKC,0.0,34.0,505,0.067,76,32.7,13.9,9.0,1.2,1.2,1.0,.629,.000,.559,9.7,.187,2018
6,7,Jaylen Brown,21,BOS,0.0,32.0,505,0.063,70,30.7,14.5,4.9,1.6,1.0,0.4,.465,.395,.644,4.5,.100,2018
7,8,Jamal Murray,20,DEN,0.0,24.0,505,0.048,81,31.7,16.7,3.7,3.4,1.0,0.3,.451,.378,.905,5.5,.103,2018
8,9,DeMar DeRozan,28,TOR,0.0,9.0,505,0.018,80,33.9,23.0,3.9,5.2,1.1,0.3,.456,.310,.825,9.6,.170,2018
9,10T,Terry Rozier,23,BOS,0.0,8.0,505,0.016,80,25.9,11.3,4.7,2.9,1.0,0.2,.395,.381,.772,5.6,.130,2018
10,10T,Lou Williams,31,LAC,0.0,8.0,505,0.016,79,32.8,22.6,2.5,5.3,1.1,0.2,.435,.359,.880,6.7,.125,2018
11,12,Giannis Antetokounmpo,23,MIL,0.0,7.0,505,0.014,75,36.7,26.9,10.0,4.8,1.5,1.4,.529,.307,.760,11.9,.207,2018
12,13T,Nikola Jokić,22,DEN,0.0,6.0,505,0.012,75,32.6,18.5,10.7,6.1,1.2,0.8,.499,.396,.850,10.7,.211,2018
13,13T,E'Twaun Moore,28,NOP,0.0,6.0,505,0.012,82,31.5,12.5,2.9,2.3,1.0,0.1,.508,.425,.706,4.4,.081,2018
14,13T,Domantas Sabonis,21,IND,0.0,6.0,505,0.012,74,24.5,11.6,7.7,2.0,0.5,0.4,.514,.351,.750,4.7,.126,2018
15,13T,Fred VanVleet,23,TOR,0.0,6.0,505,0.012,76,20.0,8.6,2.4,3.2,0.9,0.3,.426,.414,.832,4.7,.149,2018
16,17T,Tyreke Evans,28,MEM,0.0,4.0,505,0.008,52,30.9,19.4,5.1,5.2,1.1,0.3,.452,.399,.785,4.2,.126,2018
17,17T,Brandon Ingram,20,LAL,0.0,4.0,505,0.008,59,33.5,16.1,5.3,3.9,0.8,0.7,.470,.390,.681,2.8,.068,2018
18,17T,Dejounte Murray,21,SAS,0.0,4.0,505,0.008,81,21.5,8.1,5.7,2.9,1.2,0.4,.443,.265,.709,3.2,.087,2018
19,20T,Tobias Harris,25,TOT,0.0,3.0,505,0.006,80,33.4,18.6,5.5,2.4,0.9,0.4,.460,.411,.829,6.7,.120,2018
20,Rank,Player,Age,Tm,First,Pts Won,Pts Max,Share,G,MP,PTS,TRB,AST,STL,BLK,FG%,3P%,FT%,WS,WS/48,2018
21,20T,Joe Ingles,30,UTA,0.0,3.0,505,0.006,82,31.4,11.5,4.2,4.8,1.1,0.2,.467,.440,.795,7.6,.141,2018
22,20T,Dario Šarić,23,PHI,0.0,3.0,505,0.006,78,29.6,14.6,6.7,2.6,0.7,0.3,.453,.393,.860,6.6,.137,2018
23,23T,Kris Dunn,23,CHI,0.0,2.0,505,0.004,52,29.3,13.4,4.3,6.0,2.0,0.5,.429,.321,.737,0.9,.027,2018
24,23T,Aaron Gordon,22,ORL,0.0,2.0,505,0.004,58,32.9,17.6,7.9,2.3,1.0,0.8,.434,.336,.698,2.9,.072,2018
25,25T,Montrezl Harrell,24,LAC,0.0,1.0,505,0.002,76,17.0,11.0,4.0,1.0,0.5,0.7,.635,.143,.626,5.5,.205,2018
26,25T,Kristaps Porziņģis,22,NYK,0.0,1.0,505,0.002,48,32.4,22.7,6.6,1.2,0.8,2.4,.439,.395,.793,3.2,.099,2018
27,25T,Taurean Prince,23,ATL,0.0,1.0,505,0.002,82,30.0,14.1,4.7,2.6,1.0,0.5,.426,.385,.844,2.0,.038,2018
28,25T,Josh Richardson,24,MIA,0.0,1.0,505,0.002,81,33.2,12.9,3.5,2.9,1.5,0.9,.451,.378,.845,5.4,.096,2018
29,25T,Ricky Rubio,27,UTA,0.0,1.0,505,0.002,77,29.3,13.1,4.6,5.3,1.6,0.1,.418,.352,.866,5.3,.112,2018
30,25T,Pascal Siakam,23,TOR,0.0,1.0,505,0.002,81,20.7,7.3,4.5,2.0,0.8,0.5,.508,.220,.621,4.7,.133,2018
31,25T,Karl-Anthony Towns,22,MIN,0.0,1.0,505,0.002,82,35.6,21.3,12.3,2.4,0.8,1.4,.545,.421,.858,14.0,.230,2018
32,25T,T.J. Warren,24,PHO,0.0,1.0,505,0.002,65,33.0,19.6,5.1,1.3,1.0,0.6,.498,.222,.757,3.4,.077,2018
0,1,Pascal Siakam,24,TOR,86.0,469.0,500,0.938,80,31.9,16.9,6.9,3.1,0.9,0.7,0.549,0.369,0.785,9.3,0.175,2019
1,2,D'Angelo Russell,22,BRK,12.0,255.0,500,0.51,81,30.2,21.1,3.9,7.0,1.2,0.2,0.434,0.369,0.78,5.0,0.097,2019
2,3,De'Aaron Fox,21,SAC,1.0,77.0,500,0.154,81,31.4,17.3,3.8,7.3,1.6,0.6,0.458,0.371,0.727,5.6,0.106,2019
3,4,Buddy Hield,26,SAC,0.0,22.0,500,0.044,82,31.9,20.7,5.0,2.5,0.7,0.4,0.458,0.427,0.886,5.9,0.108,2019
4,5,Nikola Vučević,28,ORL,0.0,20.0,500,0.04,80,31.4,20.8,12.0,3.8,1.0,1.1,0.518,0.364,0.789,10.1,0.193,2019
5,6,Domantas Sabonis,22,IND,0.0,10.0,500,0.02,74,24.8,14.1,9.3,2.9,0.6,0.4,0.59,0.529,0.715,7.6,0.197,2019
6,7,Montrezl Harrell,25,LAC,0.0,9.0,500,0.018,82,26.3,16.6,6.5,2.0,0.9,1.3,0.615,0.176,0.643,8.7,0.193,2019
7,8,Derrick Rose,30,MIN,1.0,8.0,500,0.016,51,27.3,18.0,2.7,4.3,0.6,0.2,0.482,0.37,0.856,3.0,0.102,2019
8,9,John Collins,21,ATL,0.0,6.0,500,0.012,61,30.0,19.5,9.8,2.0,0.4,0.6,0.56,0.348,0.763,6.0,0.158,2019
9,10,Giannis Antetokounmpo,24,MIL,0.0,4.0,500,0.008,72,32.8,27.7,12.5,5.9,1.3,1.5,0.578,0.256,0.729,14.4,0.292,2019
10,11T,Malik Beasley,22,DEN,0.0,3.0,500,0.006,81,23.2,11.3,2.5,1.2,0.7,0.1,0.474,0.402,0.848,4.5,0.115,2019
11,11T,Danilo Gallinari,30,LAC,0.0,3.0,500,0.006,68,30.3,19.8,6.1,2.6,0.7,0.3,0.463,0.433,0.904,8.2,0.191,2019
12,11T,Paul George,28,OKC,0.0,3.0,500,0.006,77,36.9,28.0,8.2,4.1,2.2,0.4,0.438,0.386,0.839,11.9,0.201,2019
13,14T,Bojan Bogdanović,29,IND,0.0,2.0,500,0.004,81,31.8,18.0,4.1,2.0,0.9,0.0,0.497,0.425,0.807,6.8,0.126,2019
14,14T,Thomas Bryant,21,WAS,0.0,2.0,500,0.004,72,20.8,10.5,6.3,1.3,0.3,0.9,0.616,0.333,0.781,5.6,0.178,2019
15,16T,Willie Cauley-Stein,25,SAC,0.0,1.0,500,0.002,81,27.3,11.9,8.4,2.4,1.2,0.6,0.556,0.5,0.551,6.7,0.146,2019
16,16T,Spencer Dinwiddie,25,BRK,0.0,1.0,500,0.002,68,28.1,16.8,2.4,4.6,0.6,0.3,0.442,0.335,0.806,4.8,0.121,2019
17,16T,Bryn Forbes,25,SAS,0.0,1.0,500,0.002,82,28.0,11.8,2.9,2.1,0.5,0.0,0.456,0.426,0.885,3.8,0.079,2019
18,16T,Jerami Grant,24,OKC,0.0,1.0,500,0.002,80,32.7,13.6,5.2,1.0,0.8,1.3,0.497,0.392,0.71,7.3,0.134,2019
19,16T,Zach LaVine,23,CHI,0.0,1.0,500,0.002,63,34.5,23.7,4.7,4.5,1.0,0.4,0.467,0.374,0.832,2.8,0.062,2019
20,16T,Josh Richardson,25,MIA,0.0,1.0,500,0.002,73,34.8,16.6,3.6,4.1,1.1,0.5,0.412,0.357,0.861,5.6,0.106,2019
21,16T,Derrick White,24,SAS,0.0,1.0,500,0.002,67,25.8,9.9,3.7,3.9,1.0,0.7,0.479,0.338,0.772,3.6,0.101,2019
0,1,Brandon Ingram,22,NOP,42.0,326.0,500,0.652,62,33.9,23.8,6.1,4.2,1.0,0.6,0.463,0.391,0.851,5.1,0.115,2020
1,2,Bam Adebayo,22,MIA,38.0,295.0,500,0.59,72,33.6,15.9,10.2,5.1,1.1,1.3,0.557,0.143,0.691,8.5,0.168,2020
2,3,Luka Dončić,20,DAL,12.0,101.0,500,0.202,61,33.6,28.8,9.4,8.8,1.0,0.2,0.463,0.316,0.758,8.8,0.207,2020
3,4,Jayson Tatum,21,BOS,3.0,57.0,500,0.114,66,34.3,23.4,7.0,3.0,1.4,0.9,0.45,0.403,0.812,6.9,0.146,2020
4,5,Devonte' Graham,24,CHO,2.0,50.0,500,0.1,63,35.1,18.2,3.4,7.5,1.0,0.2,0.382,0.373,0.82,3.4,0.073,2020
5,6,Shai Gilgeous-Alexander,21,OKC,0.0,21.0,500,0.042,70,34.7,19.0,5.9,3.3,1.1,0.7,0.471,0.347,0.807,6.1,0.121,2020
6,7,Pascal Siakam,25,TOR,1.0,13.0,500,0.026,60,35.2,22.9,7.3,3.5,1.0,0.9,0.453,0.359,0.792,5.4,0.123,2020
7,8,Christian Wood,24,DET,1.0,11.0,500,0.022,62,21.4,13.1,6.3,1.0,0.5,0.9,0.567,0.386,0.744,5.1,0.183,2020
8,9,Trae Young,21,ATL,0.0,10.0,500,0.02,60,35.3,29.6,4.3,9.3,1.1,0.1,0.437,0.361,0.86,5.9,0.133,2020
9,10,Fred VanVleet,25,TOR,1.0,6.0,500,0.012,54,35.7,17.6,3.8,6.6,1.9,0.3,0.413,0.39,0.848,5.8,0.145,2020
10,11T,Dāvis Bertāns,27,WAS,0.0,3.0,500,0.006,54,29.3,15.4,4.5,1.7,0.7,0.6,0.434,0.424,0.852,3.5,0.107,2020
11,11T,Jaylen Brown,23,BOS,0.0,3.0,500,0.006,57,33.9,20.3,6.4,2.1,1.1,0.4,0.481,0.382,0.724,4.9,0.123,2020
12,13,Markelle Fultz,21,ORL,0.0,2.0,500,0.004,72,27.7,12.1,3.3,5.1,1.3,0.2,0.465,0.267,0.73,2.7,0.065,2020
13,14T,Spencer Dinwiddie,26,BRK,0.0,1.0,500,0.002,64,31.2,20.6,3.5,6.8,0.6,0.3,0.415,0.308,0.778,4.8,0.116,2020
14,14T,Duncan Robinson,25,MIA,0.0,1.0,500,0.002,73,29.7,13.5,3.2,1.4,0.5,0.3,0.47,0.446,0.931,5.3,0.118,2020
0,1,Julius Randle,26,NYK,98.0,493.0,500,0.986,71,37.6,24.1,10.2,6.0,0.9,0.3,0.456,0.411,0.811,7.8,0.14,2021
1,2,Jerami Grant,26,DET,2.0,140.0,500,0.28,54,33.9,22.3,4.6,2.8,0.6,1.1,0.429,0.35,0.845,3.2,0.083,2021
2,3,Michael Porter Jr.,22,DEN,0.0,138.0,500,0.276,61,31.3,19.0,7.3,1.1,0.7,0.9,0.542,0.445,0.791,6.9,0.173,2021
3,4,Christian Wood,25,HOU,0.0,44.0,500,0.088,41,32.3,21.0,9.6,1.7,0.8,1.2,0.514,0.374,0.631,2.8,0.1,2021
4,5,Zach LaVine,25,CHI,0.0,20.0,500,0.04,58,35.1,27.4,5.0,4.9,0.8,0.5,0.507,0.419,0.849,5.9,0.138,2021
5,6T,Chris Boucher,28,TOR,0.0,10.0,500,0.02,60,24.2,13.6,6.7,1.1,0.6,1.9,0.514,0.383,0.788,6.1,0.201,2021
6,6T,Jaylen Brown,24,BOS,0.0,10.0,500,0.02,58,34.5,24.7,6.0,3.4,1.2,0.6,0.484,0.397,0.764,4.8,0.115,2021
7,8,Mikal Bridges,24,PHO,0.0,8.0,500,0.016,72,32.6,13.5,4.3,2.1,1.1,0.9,0.543,0.425,0.84,8.0,0.164,2021
8,9,Zion Williamson,20,NOP,0.0,6.0,500,0.012,61,33.2,27.0,7.2,3.7,0.9,0.6,0.611,0.294,0.698,8.7,0.205,2021
9,10T,Clint Capela,26,ATL,0.0,3.0,500,0.006,63,30.1,15.2,14.3,0.8,0.7,2.0,0.594,,0.573,8.2,0.207,2021
10,10T,Jordan Clarkson,28,UTA,0.0,3.0,500,0.006,68,26.7,18.4,4.0,2.5,0.9,0.1,0.425,0.347,0.896,4.2,0.111,2021
11,10T,Luguentz Dort,21,OKC,0.0,3.0,500,0.006,52,29.7,14.0,3.6,1.7,0.9,0.4,0.387,0.343,0.744,0.3,0.011,2021
12,10T,Darius Garland,21,CLE,0.0,3.0,500,0.006,54,33.1,17.4,2.4,6.1,1.2,0.1,0.451,0.395,0.848,1.2,0.033,2021
13,10T,Jordan Poole,21,GSW,0.0,3.0,500,0.006,51,19.4,12.0,1.8,1.9,0.5,0.2,0.432,0.351,0.882,1.9,0.094,2021
14,10T,Nikola Vučević,30,TOT,0.0,3.0,500,0.006,70,33.5,23.4,11.7,3.8,0.9,0.7,0.477,0.4,0.84,6.3,0.129,2021
15,16T,Kyle Anderson,27,MEM,0.0,2.0,500,0.004,69,27.3,12.4,5.7,3.6,1.2,0.8,0.468,0.36,0.783,5.6,0.143,2021
16,16T,RJ Barrett,20,NYK,0.0,2.0,500,0.004,72,34.9,17.6,5.8,3.0,0.7,0.3,0.441,0.401,0.746,4.1,0.078,2021
17,16T,Miles Bridges,22,CHO,0.0,2.0,500,0.004,66,29.3,12.7,6.0,2.2,0.7,0.8,0.503,0.4,0.867,4.2,0.105,2021
18,19T,Lonzo Ball,23,NOP,0.0,1.0,500,0.002,55,31.8,14.6,4.8,5.7,1.5,0.6,0.414,0.378,0.781,3.2,0.089,2021
19,19T,Bojan Bogdanović,31,UTA,0.0,1.0,500,0.002,72,30.8,17.0,3.9,1.9,0.6,0.1,0.439,0.39,0.879,5.2,0.113,2021
20,19T,Shai Gilgeous-Alexander,22,OKC,0.0,1.0,500,0.002,35,33.7,23.7,4.7,5.9,0.8,0.7,0.508,0.418,0.808,3.5,0.143,2021
21,19T,Richaun Holmes,27,SAC,0.0,1.0,500,0.002,61,29.2,14.2,8.3,1.7,0.6,1.6,0.637,0.182,0.794,6.1,0.165,2021
22,19T,T.J. McConnell,28,IND,0.0,1.0,500,0.002,69,26.0,8.6,3.7,6.6,1.9,0.3,0.559,0.313,0.688,4.8,0.128,2021
23,19T,Terry Rozier,26,CHO,0.0,1.0,500,0.002,69,34.5,20.4,4.4,4.2,1.3,0.4,0.45,0.389,0.817,5.2,0.105,2021
24,19T,Andrew Wiggins,25,GSW,0.0,1.0,500,0.002,71,33.3,18.6,4.9,2.4,0.9,1.0,0.477,0.38,0.714,3.9,0.08,2021
0,1,Ja Morant,22,MEM,38.0,221.0,500,0.442,57,33.1,27.4,5.7,6.7,1.2,0.4,0.493,0.344,0.761,6.7,0.171,2022
1,2,Dejounte Murray,25,SAS,20.0,183.0,500,0.366,68,34.8,21.1,8.3,9.2,2.0,0.3,0.462,0.327,0.794,7.3,0.149,2022
2,3,Darius Garland,22,CLE,11.0,178.0,500,0.356,68,35.7,21.7,3.3,8.6,1.3,0.1,0.462,0.383,0.892,6.3,0.125,2022
3,4,Jordan Poole,22,GSW,15.0,131.0,500,0.262,76,30.0,18.5,3.4,4.0,0.8,0.3,0.448,0.364,0.925,6.0,0.126,2022
4,5,Desmond Bane,23,MEM,7.0,74.0,500,0.148,76,29.8,18.2,4.4,2.7,1.2,0.4,0.461,0.436,0.903,7.2,0.153,2022
5,6,Tyrese Maxey,21,PHI,6.0,52.0,500,0.104,75,35.3,17.5,3.2,4.3,0.7,0.4,0.485,0.427,0.866,7.3,0.132,2022
6,7,Miles Bridges,23,CHO,3.0,38.0,500,0.076,80,35.5,20.2,7.0,3.8,0.9,0.8,0.491,0.331,0.802,7.2,0.123,2022
7,8,Anfernee Simons,22,POR,0.0,13.0,500,0.026,57,29.5,17.3,2.6,3.9,0.5,0.1,0.443,0.405,0.888,1.9,0.055,2022
8,9,Robert Williams,24,BOS,0.0,4.0,500,0.008,61,29.6,10.0,9.6,2.0,0.9,2.2,0.736,0.0,0.722,9.9,0.262,2022
9,10,Jaren Jackson Jr.,22,MEM,0.0,3.0,500,0.006,78,27.3,16.3,5.8,1.1,0.9,2.3,0.415,0.319,0.823,5.4,0.121,2022
10,11,Jalen Brunson,25,DAL,0.0,2.0,500,0.004,79,31.9,16.3,3.9,4.8,0.8,0.0,0.502,0.373,0.84,7.5,0.143,2022
11,12,Max Strus,25,MIA,0.0,1.0,500,0.002,68,23.3,10.6,3.0,1.4,0.4,0.2,0.441,0.41,0.792,3.6,0.11,2022
0,1,Lauri Markkanen,25,UTA,69.0,430.0,500,0.86,66,34.4,25.6,8.6,1.9,0.6,0.6,0.499,0.391,0.875,8.2,0.173,2023
1,2,Shai Gilgeous-Alexander,24,OKC,24.0,289.0,500,0.578,68,35.5,31.4,4.8,5.5,1.6,1.0,0.51,0.345,0.905,11.4,0.226,2023
2,3,Jalen Brunson,26,NYK,4.0,91.0,500,0.182,68,35.0,24.0,3.5,6.2,0.9,0.2,0.491,0.416,0.829,8.7,0.175,2023
3,4,Mikal Bridges,26,TOT,1.0,33.0,500,0.066,83,35.7,20.1,4.4,3.3,1.1,0.7,0.468,0.382,0.895,7.5,0.121,2023
4,5,Nic Claxton,23,BRK,0.0,22.0,500,0.044,76,29.9,12.6,9.2,1.9,0.9,2.5,0.705,0.0,0.541,9.2,0.195,2023
5,6,Tyrese Haliburton,22,IND,1.0,16.0,500,0.032,56,33.6,20.7,3.7,10.4,1.6,0.4,0.49,0.4,0.871,7.6,0.195,2023
6,7,Trey Murphy III,22,NOP,1.0,8.0,500,0.016,79,31.0,14.5,3.6,1.4,1.1,0.5,0.484,0.406,0.905,7.6,0.15,2023
7,8T,De'Aaron Fox,25,SAC,0.0,3.0,500,0.006,73,33.4,25.0,4.2,6.1,1.1,0.3,0.512,0.324,0.78,7.4,0.146,2023
8,8T,Kevon Looney,26,GSW,0.0,3.0,500,0.006,82,23.9,7.0,9.3,2.5,0.6,0.6,0.63,0.0,0.606,8.7,0.212,2023
9,10,Austin Reaves,24,LAL,0.0,2.0,500,0.004,64,28.8,13.0,3.0,3.4,0.5,0.3,0.529,0.398,0.864,5.4,0.142,2023
10,11T,Aaron Gordon,27,DEN,0.0,1.0,500,0.002,68,30.2,16.3,6.6,3.0,0.8,0.8,0.564,0.347,0.608,6.8,0.158,2023
11,11T,Jaren Jackson Jr.,23,MEM,0.0,1.0,500,0.002,63,28.4,18.6,6.8,1.0,1.0,3.0,0.506,0.355,0.788,6.6,0.177,2023
12,11T,Malik Monk,24,SAC,0.0,1.0,500,0.002,77,22.3,13.5,2.6,3.9,0.6,0.3,0.448,0.359,0.889,3.2,0.091,2023
